Sku,jan,feb,mar,apr,may,jun,jul,aug,sep,oct,nov,dec,unit cost,lead-time,retail_price,quantity_on_hand,backlog
KR202-209,1509,1855,2665,1841,1231,2598,1988,1988,2927,2707,731,2598,1001,2,5000,1003,0
KR202-210,1006,206,2588,670,2768,2809,1475,1537,919,2525,440,2691,394,2,1300,3224,0
KR202-211,1840,2284,850,983,2737,1264,2002,1980,235,1489,218,525,434,4,1200,390,0
KR202-212,104,2262,350,528,2570,1216,1101,2755,2856,2381,1867,2743,474,3,10,390,0
KR202-213,489,954,1112,199,919,330,561,2372,921,1587,1532,1512,514,1,2000,2095,0
KR202-214,2416,2010,2527,1409,1059,890,2837,276,987,2228,1095,1396,554,2,1800,55,0
KR202-215,403,1737,753,1982,2775,380,1561,1230,1262,2249,824,743,594,1,2500,4308,0
KR202-216,2908,929,684,2618,1477,1508,765,43,2550,2157,937,1201,634,3,3033,34,0
KR202-217,2799,2197,1647,2263,224,2987,2366,588,1140,869,1707,1180,674,3,5433,390,0
KR202-218,1333,402,804,318,1408,830,1028,534,1871,2730,2022,94,714,2,3034,3535,0
KR202-219,813,969,745,1001,2732,1987,717,599,2722,171,639,2108,754,3,5000,334,0
KR202-220,1481,905,1067,2513,861,1670,650,2630,1245,997,1936,2780,794,3,7500,3434,0
KR202-221,771,2941,1360,2714,1801,1744,1428,1660,436,578,1956,1101,834,2,4938,4433,0
KR202-222,2349,4,345,524,340,2698,2137,1164,498,1583,1241,2965,874,2,4922,3435,0
KR202-223,2045,2055,552,81,2780,176,2316,1475,2566,1678,1553,2745,914,1,4894,34533,0
KR202-224,2482,1887,1911,1446,2939,1241,1281,692,119,627,1941,1383,954,2,2942,33,0
KR202-225,2744,2770,2697,1726,1776,2264,332,2420,2722,1161,1986,2587,994,6,8999,2000,0
KR202-226,2509,914,903,877,1859,2263,383,593,236,189,920,1686,1034,3,4342,4344,0
KR202-227,368,2502,2955,2994,1270,2884,2208,699,854,877,2320,160,1074,3,4920,489,0
KR202-228,1468,1109,2464,2799,948,589,2858,1140,501,2691,93,1060,1114,2,15000,9439,0
KR202-229,2114,198,1479,1249,1475,744,407,2280,226,2285,796,1948,1154,2,13000,8939,0
KR202-230,1023,1150,1672,2026,1590,441,2484,2300,2928,1082,2064,2412,1194,2,10000,349,0
KR202-231,482,546,299,2304,2953,1029,1863,2809,454,927,2488,2341,1234,4,9999,3434,0
KR202-232,614,2138,962,2017,2398,2963,2189,1804,414,2016,1350,2464,1274,2,7500,234,0
KR202-233,2395,2521,2157,728,1028,43,138,826,570,2825,181,787,1314,4,6000,349,0
KR202-234,1336,1478,865,533,1562,422,2287,1302,1230,1059,1153,399,1354,2,20000,324,0
KR202-235,2565,2762,2721,1431,845,2163,2413,2227,1753,740,1139,2300,1394,3,59500,850,0
KR202-236,1912,1726,1569,316,71,2082,108,174,1974,609,2896,566,1434,3,2300,4930,0
KR202-237,2153,1112,16,130,590,2619,2576,2390,2567,1531,842,242,1474,2,4500,9483,0
KR202-238,1417,2044,1981,1936,2377,780,1544,1521,51,1056,1876,1356,1514,3,8000,839,0
KR202-239,2717,2186,2300,677,2157,2328,1917,2519,561,281,1162,1146,1554,2,39000,433,0
KR202-240,1015,741,2754,2925,2302,695,2869,440,406,1083,2334,1015,1594,3,3943,390,0
KR202-241,3050,1507,3637,1112,1963,1675,898,1986,2262,3895,1229,2904,769,5,8007,2125,0
KR202-242,1875,2368,830,823,868,1409,1845,3095,3247,1894,2558,3048,1819,1,13225,1253,0
KR202-243,1717,593,3006,2935,3139,2753,3247,3845,1720,3413,3399,2799,1120,3,14682,1128,0
KR202-244,2383,2046,2487,3827,1674,3118,2849,2233,3888,2566,2216,3817,1067,5,11997,1191,0
KR202-245,1115,2694,3038,3366,1058,2724,2863,1930,1787,838,3087,1565,1623,2,12876,611,0
KR202-246,3108,1197,2472,1264,3179,3638,1268,1581,3456,1630,1788,2288,608,2,6548,2192,0
KR202-247,3439,1854,652,1827,1645,2257,2733,1337,2034,2106,877,2409,1578,2,10463,1017,0
KR202-248,2382,1096,1627,782,1959,1464,3659,633,2566,1963,3097,760,503,5,12455,709,0
KR202-249,3482,1016,3316,3044,1935,3735,867,1789,556,3158,3683,575,1117,4,11831,751,0
KR202-250,1054,972,3653,2907,1813,2700,3857,2669,3607,2758,1493,2162,1576,3,13168,2437,0
KR202-251,2607,2968,2554,3309,3273,1083,3148,3839,853,3774,1330,3304,1783,5,10292,2849,0
KR202-252,2694,647,3610,3785,1697,3959,1182,1391,634,3438,1981,2340,803,1,2963,2308,0
KR202-253,2111,1097,1420,2079,1547,1682,3385,3664,1486,3193,3386,2553,1699,2,11996,597,0
KR202-254,1979,1801,814,2518,3555,2216,2971,821,2079,3321,2792,3184,799,1,9957,2145,0
KR202-255,3055,1931,3838,1869,3053,3169,1196,1308,3956,2157,3613,868,1562,2,10092,1986,0
KR202-256,1043,3751,694,1229,969,2776,2798,2891,2383,3558,3499,3465,1859,2,14413,2652,0
KR202-257,2697,1889,1822,1706,702,3334,519,1306,543,523,957,3194,742,3,9350,723,0
KR202-258,3395,2415,1327,1023,2205,1044,3568,3369,2503,854,2371,2794,1472,2,7701,2092,0
KR202-259,3145,2167,1831,3567,1543,749,835,906,2181,1177,3119,2343,1886,1,13594,1078,0
KR202-260,861,2910,3044,646,2216,1201,2131,3872,2284,1725,3809,635,1646,4,9965,1427,0
KR202-261,2677,629,3186,3566,1028,1682,2610,653,3844,2312,3602,2900,816,2,4020,2498,0
KR202-262,3725,1808,2838,1579,2886,4000,3142,641,1242,1797,2532,2937,857,1,10087,1786,0
KR202-263,863,3837,737,3402,1864,3140,706,3088,3591,2915,637,2291,1075,4,11836,1431,0
KR202-264,3400,3308,3819,2728,3751,864,1455,586,3259,1674,1868,1592,1751,3,6105,761,0
KR202-265,1816,2186,3047,1891,2020,1880,1704,1221,1681,3733,1594,2682,1293,3,12236,837,0
KR202-266,2454,1673,3941,1629,2006,3780,1150,3638,2516,1940,1689,3321,1820,4,3552,738,0
KR202-267,2462,2174,1341,1640,3865,2780,1223,2228,3363,2841,2371,1597,958,5,10228,1579,0
KR202-268,3492,3438,3740,3230,3531,1179,1246,2677,3957,1867,832,2812,1643,5,9404,2501,0
KR202-269,2846,2685,2264,3148,1170,656,2513,2748,2279,655,2192,830,574,3,12805,1633,0
KR202-270,2867,1056,1325,2238,1546,3405,2716,2565,3414,1795,2734,3264,1438,5,12409,1977,0
KR202-271,632,1568,2319,2649,2689,695,2316,1236,2724,1737,1023,1830,1084,3,14807,1104,0
KR202-272,1153,1180,3201,2321,1066,3718,1793,2066,1928,3647,1734,2696,1741,4,7796,2294,0
KR202-273,2238,3615,3670,960,3642,3701,1200,1732,2278,1545,869,1631,1314,3,1716,1541,0
KR202-274,875,525,2402,3783,1177,561,3732,3892,538,1618,3322,2266,1591,5,12349,1088,0
KR202-275,1416,1298,2093,2468,1510,1417,3487,1634,3394,2477,3129,735,1011,5,2625,913,0
KR202-276,1085,3019,2162,2131,580,3092,765,918,3678,597,874,1125,1084,3,3960,1832,0
KR202-277,2998,3329,1587,3221,665,843,3304,854,1360,3483,3988,1014,1742,3,9615,570,0
KR202-278,1197,3854,3835,1247,2572,3599,1978,1912,2001,1913,958,3841,872,3,9256,2504,0
KR202-279,2524,1423,2950,3745,3879,3704,3015,2461,2570,2638,3393,3071,1260,2,8154,2103,0
KR202-280,3079,3585,1995,2705,3044,3791,3670,3244,3728,2088,1755,2445,1800,2,14551,2738,0
KR202-281,1038,2378,1893,3039,3843,2346,2886,3523,3950,744,1566,3884,1636,3,12839,1222,0
KR202-282,3833,3481,2737,1790,3704,2284,3305,1157,3940,1274,3803,1750,1115,2,11090,804,0
KR202-283,2393,3241,2026,3988,3267,2106,1828,915,3850,3590,2831,790,950,3,11904,1343,0
KR202-284,2825,1563,2985,3776,1224,1259,2872,3857,541,3614,3545,1244,1137,5,13627,1637,0
KR202-285,2037,1003,3871,523,2896,1321,878,2834,1151,1962,1427,546,1381,2,3461,423,0
KR202-286,664,2374,2619,705,802,1866,3502,940,2182,1770,3433,954,769,2,12630,1199,0
KR202-287,2815,802,2718,2663,969,1655,616,1491,3394,3994,712,3645,798,5,12316,1142,0
KR202-288,3192,1209,2831,2893,2729,1245,914,2448,2614,2991,2500,3714,1151,2,1519,2562,0
KR202-289,3480,2055,2098,1090,1983,3632,792,1109,2963,1229,1582,3137,835,3,14544,838,0
KR202-290,1912,3205,1175,2983,2137,2629,3206,2938,3941,2376,612,1915,1846,2,6351,1397,0
KR202-291,4000,3117,1606,3318,2528,3503,2976,1890,3634,1679,2237,3725,1303,3,11595,2349,0
KR202-292,737,2931,2248,2577,1600,3307,2345,1311,826,1728,2693,3143,511,2,3488,599,0
KR202-293,2662,1393,866,3883,1148,3008,1767,3682,1364,644,3710,3808,1187,3,4869,500,0
KR202-294,962,2900,1882,1731,3191,2935,3954,2465,2456,811,839,3282,647,4,7658,2151,0
KR202-295,1681,1999,3259,3998,3767,2385,2738,574,2629,3718,3681,1083,1291,5,2161,1250,0
KR202-296,522,3401,3506,2639,3622,3895,3622,2009,3862,3106,3571,779,1315,5,9361,2007,0
KR202-297,1564,3043,2807,1140,1300,3601,797,3553,2323,3004,1738,3863,1573,1,8841,580,0
KR202-298,1505,1374,2536,1759,1678,1616,3223,3716,3050,3715,2972,2159,1363,1,11539,1289,0
KR202-299,3621,799,1359,2576,3623,2413,1543,3902,2233,986,859,1075,929,5,8909,1427,0
KR202-300,3006,3073,2791,846,2148,3588,1461,1825,2739,2711,3829,957,1488,2,6946,1352,0
KR202-301,1118,3434,1269,3709,1619,3177,656,2589,2970,3754,3474,2661,988,2,13994,1280,0
KR202-302,3526,1338,1136,1631,2994,985,2948,584,683,3112,2868,3521,1523,1,14381,673,0
KR202-303,712,3680,817,1071,1428,2508,892,721,3683,851,631,2777,991,2,12868,1193,0
KR202-304,1907,2390,2791,2383,1662,3356,3779,2777,3150,3302,3851,2853,834,2,2944,2729,0
KR202-305,1981,2915,1473,1402,767,3427,3690,3390,1627,2421,2832,1968,1333,5,7182,1241,0
KR202-306,3964,649,821,3790,1510,1711,1143,3211,854,2647,3746,3901,721,1,11466,2343,0
KR202-307,2851,1738,901,521,3478,1474,3513,3070,1463,865,1818,2699,791,5,4972,1161,0
KR202-308,3846,987,2307,1781,736,3210,2217,3517,2852,3479,1162,2404,925,1,8078,2231,0
KR202-309,646,2945,2046,913,1051,582,1391,3194,1134,1264,3491,690,1710,1,14098,513,0
KR202-310,537,504,2973,3467,811,2251,3595,1983,3726,3747,1795,2826,1750,4,5746,1588,0
KR202-311,2631,3885,3152,3966,1681,931,2699,3017,2809,3275,511,2129,1899,2,10752,1976,0
KR202-312,805,1771,3748,1832,2974,1237,1907,3114,1662,1811,3418,2794,1980,2,13492,966,0
KR202-313,3861,2971,2783,812,2019,1052,1087,567,704,3143,1827,2392,1534,2,10432,846,0
KR202-314,733,588,3566,985,3486,1416,2895,1415,1249,1987,2069,3950,1387,3,5956,1998,0
KR202-315,1625,857,1832,2839,3162,870,666,643,1422,3603,3997,1498,1731,2,14421,1275,0
KR202-316,3653,2498,1983,1339,3234,1871,2990,606,697,3477,2253,2740,631,2,14514,961,0
KR202-317,554,1001,1346,1211,3386,1455,1919,2869,3482,3425,1631,1880,847,5,14649,1309,0
KR202-318,1844,3159,1690,714,3244,3576,3096,2817,1419,3330,2729,2107,540,4,14617,1957,0
KR202-319,1740,1946,3560,3455,875,3686,2582,1172,3734,1923,2202,3683,707,1,6704,1264,0
KR202-320,3524,953,2712,2744,2353,938,1648,3329,3944,2719,1158,1712,801,5,1431,856,0
KR202-321,1495,759,3569,1079,2118,1454,505,3191,2875,1028,2803,2496,1803,2,8888,857,0
KR202-322,2604,1644,3826,734,2607,1092,3902,3371,2390,3279,3463,1786,1235,5,3398,668,0
KR202-323,3265,3047,3704,2907,1248,3765,1099,2311,566,3688,2098,2357,1106,1,4333,738,0
KR202-324,2534,2706,1221,3032,1086,534,1200,2059,1471,3846,763,2175,1567,1,7457,1469,0
KR202-325,2826,3180,2923,2709,872,2198,2755,3419,2379,2159,3791,2986,688,2,12456,984,0
KR202-326,1053,3713,2055,1824,1008,1766,1426,2039,1148,704,1415,644,1457,5,13980,990,0
KR202-327,1750,3458,3699,2650,3182,1652,3129,3288,3522,716,2359,2265,1819,3,12826,2241,0
KR202-328,2951,3391,913,1615,2716,3027,2346,2017,3804,3349,2156,3406,1492,3,14288,671,0
KR202-329,3638,1398,575,571,893,3237,603,527,899,3322,1015,505,642,4,9916,935,0
KR202-330,2745,3683,3773,2582,1471,1812,2245,2526,2292,3505,1985,749,1623,1,5543,2533,0
KR202-331,1205,608,2002,672,1248,2104,3839,3489,990,1931,2068,773,1568,2,13498,1792,0
KR202-332,1139,2893,3377,2040,651,1402,2639,2791,1440,2301,1379,2931,1027,4,10803,1106,0
KR202-333,2832,1573,2965,850,2525,2992,2223,1811,775,2706,2458,3289,1302,4,3229,1192,0
KR202-334,883,1738,2043,2153,1904,799,3875,623,1211,3732,3021,1872,605,1,5649,1290,0
KR202-335,2364,2467,1039,2688,2792,1859,978,1769,1825,1045,513,542,943,2,2091,1017,0
KR202-336,3029,2312,2672,3018,2778,1197,1161,1488,669,1071,3653,1263,1389,1,9977,1202,0
KR202-337,2363,3013,3179,1151,2384,1640,1210,3402,2103,2521,2622,3193,868,4,11673,1141,0
KR202-338,3959,3711,2925,664,529,1011,1814,3581,2745,1120,1701,1592,1115,1,7435,2106,0
KR202-339,1562,2142,2194,2870,1460,3541,1887,2878,679,1985,1196,2398,628,4,10647,1888,0
KR202-340,777,1705,2705,1253,1485,2573,2089,3634,3905,1608,3382,2301,984,3,14740,842,0
KR202-341,3216,3131,505,1609,2507,2810,2890,1927,1042,3813,2528,2328,1407,1,6853,1815,0
KR202-342,2609,3418,3078,917,710,1641,1719,3865,648,2722,2659,2778,866,3,5209,1291,0
KR202-343,3364,2729,2502,3863,1048,991,3552,810,3887,2989,2934,3465,1174,1,3034,2628,0
KR202-344,2853,2186,3928,2712,3926,2228,2474,1230,717,3671,618,2648,1473,2,12560,1794,0
KR202-345,1259,3139,1629,751,1535,1088,2413,3048,769,884,3174,3159,1727,5,3323,1341,0
KR202-346,653,976,2532,2095,2889,2018,1033,2025,732,3226,3394,1683,901,3,12621,658,0
KR202-347,2509,2728,3995,2629,3690,1731,891,1432,3055,2437,3211,1551,1475,3,13560,2340,0
KR202-348,2561,684,3574,1170,3207,3209,1582,2978,2007,1089,2822,2812,1731,2,2025,1184,0
KR202-349,1703,2842,2285,1918,603,3737,1108,3487,2253,3134,1185,881,1423,2,2863,1956,0
KR202-350,3343,921,3063,3427,2456,742,2962,3772,2214,2912,3883,2362,1315,3,10805,2295,0
KR202-351,3692,3407,3935,3982,949,3355,2754,1034,2220,2050,3430,3132,1341,2,10071,1653,0
KR202-352,556,2910,954,3352,1684,3781,3878,2046,1407,962,2686,694,539,1,2610,1653,0
KR202-353,2080,2819,2168,2821,2451,3571,2847,3385,2780,2301,3340,1425,1520,1,10738,1553,0
KR202-354,3600,570,3184,1779,3817,696,3556,593,3752,2781,2632,2960,1961,4,11496,1017,0
KR202-355,3488,3484,1143,1552,1142,806,2390,3981,1620,3820,2017,2166,1471,2,3712,2416,0
KR202-356,1977,2695,3136,2082,974,3578,891,546,1456,3548,3793,3789,1028,1,4898,2375,0
KR202-357,2301,1230,1013,1299,3898,2488,3231,2736,1703,1451,2828,1767,887,3,5734,1195,0
KR202-358,2817,1603,896,1754,2364,1423,2734,2683,1578,979,3367,1402,1949,4,5262,726,0
KR202-359,1821,1688,2172,2887,2461,730,1402,1583,2761,3541,2905,3154,1825,5,14417,1010,0
KR202-360,1839,3566,1457,2649,862,3481,1939,675,3334,1370,871,3737,840,1,9900,743,0
KR202-361,1605,3830,2951,3565,513,3199,2633,1598,2213,2100,1727,1487,1665,5,12205,2401,0
KR202-362,655,537,1422,2267,3808,3518,2820,2216,762,3270,1435,2046,1744,1,12224,2236,0
KR202-363,3759,3428,3155,3124,759,2973,3458,1562,3722,3008,3136,2517,1555,4,8926,2482,0
KR202-364,1907,3231,2977,1804,990,1975,3698,2856,916,3014,2551,3265,1687,1,8035,723,0
KR202-365,532,3919,828,2584,1313,3335,3906,3951,3954,1600,2711,2919,1898,4,8025,725,0
KR202-366,3918,3092,3785,2835,1214,2320,1106,2625,3638,3448,868,1807,1748,1,9147,1624,0
KR202-367,1713,711,1796,593,680,2017,3083,3473,2807,1319,2630,3689,1019,3,2239,1872,0
KR202-368,3188,3394,719,1261,1801,3213,795,1304,2204,3619,1914,3769,937,2,5909,2259,0
KR202-369,2926,939,3001,609,1840,2554,963,3254,835,1418,809,1592,990,2,13251,1864,0
KR202-370,845,1663,3799,1381,3081,2435,2639,2548,1351,2139,602,995,1131,3,2640,1823,0
KR202-371,2460,3521,1879,1048,3999,2532,3883,3875,3552,1525,517,3812,1704,2,5913,2493,0
KR202-372,2161,1906,2322,2038,1283,3373,708,1697,2957,1010,1869,2972,890,4,13323,1706,0
KR202-373,651,3677,1120,2535,1039,1377,1124,1182,2436,3800,3531,943,1060,3,3089,2091,0
KR202-374,2117,1528,2267,1608,1427,3376,1593,2733,2712,3721,3301,1636,1299,2,3944,1752,0
KR202-375,772,3034,1684,776,2709,1809,3923,524,3461,1941,3838,1439,1196,2,4895,1137,0
KR202-376,613,3042,2527,1647,3836,3223,1794,1552,2405,2781,701,2005,1723,1,11488,2380,0
KR202-377,3798,1807,1218,2278,1153,1987,2438,1742,3691,2261,2757,3018,1084,2,13155,1980,0
KR202-378,916,1633,1828,2911,900,3516,3160,3502,2007,1586,2129,1483,1260,3,5956,1361,0
KR202-379,2797,2859,918,927,2758,1577,1103,3896,1449,3850,2848,3971,636,1,8766,2101,0
KR202-380,1408,770,3822,3345,3933,2263,1946,3378,1007,1759,3971,2005,1337,1,14725,1581,0
KR202-381,1864,2337,1108,3932,3933,3381,1247,1435,3722,2350,3139,1141,802,5,2549,1647,0
KR202-382,1632,1510,1181,1796,1245,981,745,2026,1315,3533,3270,2294,1134,4,5377,1670,0
KR202-383,2662,3585,1701,1593,1158,2554,2887,1280,965,2551,2218,3299,1387,3,13103,1818,0
KR202-384,2593,610,3443,2728,3765,1551,1104,1141,3612,1712,3102,2960,948,1,6167,1020,0
KR202-385,3078,2344,2584,2294,1122,3751,1555,3033,2189,1089,2737,3305,1715,1,4903,2457,0
KR202-386,785,728,1144,2757,2403,3528,869,2758,2619,1339,678,2524,1552,2,11085,1590,0
KR202-387,728,1666,2043,621,3112,2943,2701,2051,899,3584,3054,3357,1426,4,12455,1343,0
KR202-388,2498,3799,1617,2581,3859,962,845,2145,1109,1822,1637,1522,735,2,5350,413,0
KR202-389,1133,1831,3066,600,2343,2477,3915,2004,1996,1328,784,3775,663,3,14128,2206,0
KR202-390,1872,1551,845,1167,1492,2631,2341,1148,1758,1138,1137,530,1404,3,9761,972,0
KR202-391,2365,2460,3751,1867,2189,2283,2059,1825,800,1286,2144,3751,1255,5,6001,1084,0
KR202-392,3596,3058,1401,2567,683,3136,2405,3228,3372,3675,911,1858,682,3,9694,2040,0
KR202-393,3593,1152,2763,3677,3822,3813,2723,625,2021,2102,1246,1485,518,4,3730,1267,0
KR202-394,3139,2239,2345,2686,750,1752,2854,3222,1104,674,1395,3284,589,1,5883,2275,0
KR202-395,3143,2008,3246,1257,2662,2861,524,2175,3647,1807,2901,2055,1409,4,4298,1080,0
KR202-396,3976,1503,954,923,1739,3622,2076,1689,2974,3973,3710,1409,1229,3,1517,988,0
KR202-397,2352,618,2338,969,3614,1099,1760,2783,605,3796,1357,636,1208,3,7204,517,0
KR202-398,947,842,707,546,3563,1361,1374,1174,1806,3522,3458,1041,630,4,8580,1577,0
KR202-399,2990,3415,925,1713,2651,1080,1534,1826,3558,2716,1653,3993,576,5,6217,1550,0
KR202-400,3754,1578,570,1567,2918,1251,2415,3578,3551,2361,3405,1052,710,3,6229,977,0
KR202-401,3994,844,2027,3785,1297,2379,953,1754,2915,2850,1933,3166,679,4,13300,501,0
KR202-402,766,3970,1567,3720,1081,684,2148,911,1632,2538,2307,2099,1820,2,10137,1038,0
KR202-403,1450,3987,549,569,1873,1274,3592,1990,2588,1313,2325,2399,1412,5,13966,1717,0
KR202-404,3946,2585,2410,3715,2022,3846,3186,3953,2511,2998,866,1688,1430,3,1879,1248,0
KR202-405,3530,1201,3949,2464,2398,1945,1988,1553,1192,919,2351,1310,1310,5,14878,1033,0
KR202-406,3471,2559,3250,3337,583,1933,3287,1680,1806,3367,2329,3647,1248,3,7649,2058,0
KR202-407,3650,777,2079,1028,3128,1210,1325,2060,3207,3420,2622,1117,785,5,9961,1686,0
KR202-408,3412,701,765,3366,570,3772,3372,3969,2031,1034,3762,2044,708,2,6123,1543,0
KR202-409,3115,3079,3902,642,3349,3536,1323,909,893,3463,2954,2543,1978,4,6498,2361,0
KR202-410,2020,1243,2841,3936,2558,3379,2144,3685,3056,3983,2257,2017,906,2,5529,2603,0
KR202-411,1905,3270,3027,1136,2860,2966,929,2106,3583,1444,2655,3267,1440,5,13684,1239,0
KR202-412,2995,3364,1341,1241,3573,956,2781,2952,1520,1250,1399,927,674,1,2617,2002,0
KR202-413,2088,1492,2463,1690,1326,605,3147,1996,1299,2473,3641,3095,865,2,10902,1965,0
KR202-414,1767,3283,1476,846,2808,3931,834,2727,2579,1519,685,2054,1307,5,14921,641,0
KR202-415,536,2033,2698,2845,2196,3956,1623,1700,3050,2448,3202,683,1637,1,14030,1245,0
KR202-416,1877,2556,1529,3330,1162,3220,654,1977,3649,3092,1847,1985,1580,3,10958,1742,0
KR202-417,3600,2980,1152,510,2047,991,1171,3241,1721,3356,1696,3412,1786,3,6357,2036,0
KR202-418,3054,2256,1466,1929,3743,3563,2997,3346,1365,987,814,1963,844,5,12218,2044,0
KR202-419,2848,2318,2051,2787,3159,3299,2999,3469,2077,1354,2781,1157,1425,5,2926,1338,0
KR202-420,3472,2122,3388,3769,3958,3500,3186,2024,1123,2598,2990,3148,1793,4,13508,1907,0
KR202-421,3620,1964,1080,3012,3776,3396,1763,2500,3386,2456,3335,1465,1645,5,13557,2681,0
KR202-422,2955,3409,1881,1249,1321,1433,2985,1967,664,1777,661,2479,1624,1,5244,1109,0
KR202-423,3186,2054,1811,1766,864,2446,2290,1279,1581,2619,3884,1779,1225,4,9822,968,0
KR202-424,2484,2325,3064,2096,3956,2412,2262,2177,2084,550,3654,1454,1369,3,14434,1051,0
KR202-425,1835,2138,1326,3277,3955,2206,967,3203,2312,1113,3487,2795,1318,5,13460,694,0
KR202-426,3142,3382,2936,3654,3679,3087,3887,2522,3072,2322,1542,2593,1397,2,11334,3042,0
KR202-427,2283,2681,2316,1645,2545,2456,2682,1617,3673,2360,3198,2360,653,5,2206,1783,0
KR202-428,3317,2445,1817,1780,2553,1706,2876,593,2748,1863,3253,753,904,2,12276,888,0
KR202-429,2497,2355,1739,589,767,501,2768,1075,3023,792,1240,735,1572,1,2950,1222,0
KR202-430,2358,1473,1965,1430,2529,1265,3152,3280,1484,1536,1036,1023,1177,1,5893,1331,0
KR202-431,1213,3636,1828,1834,2775,2774,2290,2643,3304,3275,3543,3414,1326,5,4458,2548,0
KR202-432,1464,1883,2960,3717,3475,3554,1786,1209,1405,3821,684,3472,1181,1,12723,834,0
KR202-433,1093,1190,3340,2793,860,1032,1741,1182,3555,1229,3899,1731,683,3,7725,1655,0
KR202-434,2039,3066,2510,1425,1205,2032,627,606,924,3599,2110,1262,904,1,8183,1586,0
KR202-435,3689,1177,2360,2001,3668,3814,1922,2344,3102,3882,640,3500,849,2,10591,1339,0
KR202-436,3935,1593,2549,2711,3703,2208,3004,1871,554,510,1804,689,1990,2,8290,1578,0
KR202-437,3925,963,3919,2426,3689,2122,1681,1213,1474,2540,2452,2387,604,2,11435,2213,0
KR202-438,3922,1544,3095,3807,2358,2148,3783,2242,2370,2980,2096,3494,1466,1,6623,3086,0
KR202-439,1746,2868,3035,2425,3548,1807,1428,3381,993,596,3871,1104,1798,1,14529,448,0
KR202-440,833,2834,1336,1628,3977,2431,1687,579,2681,3510,1156,2765,913,2,12227,1924,0
KR202-441,3523,1468,2375,1590,1804,1185,1936,2060,3327,3204,2458,3668,1831,2,13089,977,0
KR202-442,3451,892,3942,3816,1522,1080,2074,2495,1313,2618,1544,3092,1925,1,12337,1790,0
KR202-443,2072,1779,2030,3153,977,529,3528,2671,1585,1345,2849,2291,830,2,1712,1284,0
KR202-444,567,3363,2741,2014,3898,2491,3162,2511,949,3470,1174,3066,1507,1,13341,2229,0
KR202-445,2999,2624,893,2418,2071,2666,645,3209,2750,2556,2444,3105,1777,4,5052,1497,0
KR202-446,2192,1033,3401,617,2321,561,701,2634,2324,558,2793,2306,1961,2,4686,983,0
KR202-447,3539,2838,2176,620,3028,2378,551,1079,3954,2398,991,530,1346,5,9212,692,0
KR202-448,519,976,3469,2989,3891,2933,882,2129,3717,2099,2600,1058,1624,3,2789,1764,0
KR202-449,3916,1139,583,3105,2095,651,3084,3550,3176,2732,1126,3146,515,2,11044,2273,0
KR202-450,3487,1528,631,3346,1432,1026,3124,3482,670,3881,2144,1714,1454,3,13930,762,0
KR202-451,1444,1910,3477,3986,2410,3228,2099,755,3143,1505,1592,1602,816,2,14750,2215,0
KR202-452,2805,543,1951,2017,740,2125,852,3278,1875,1827,3816,1282,589,1,10390,1231,0
KR202-453,1964,1282,2877,2618,864,3511,1960,830,555,1254,3605,3613,857,5,2193,2105,0
KR202-454,3513,2333,2198,1198,1743,2814,3931,868,3838,694,3576,3282,565,5,6324,2258,0
KR202-455,3457,3597,3516,1116,3430,1104,1951,3602,3610,1369,2236,1648,1572,2,14197,2558,0
KR202-456,2700,3848,2184,1863,3464,3519,3011,1952,2260,2657,2548,1512,1695,1,14084,984,0
KR202-457,3285,887,2838,3699,3357,2101,3903,1261,1556,2902,2885,2760,1791,2,11563,1531,0
KR202-458,1529,2347,3425,1125,2837,2847,730,2155,3353,691,501,1528,920,1,8476,1169,0
KR202-459,1342,3908,3425,3256,2015,1852,1939,2962,3705,1745,2916,586,934,1,10626,551,0
KR202-460,1160,3158,1513,2034,3566,1971,3099,2119,1569,2013,3061,2017,1840,4,13370,1783,0
KR202-461,947,1182,3517,2689,1830,2695,1678,510,603,2252,904,1675,725,2,1808,718,0
KR202-462,1706,3507,2039,924,1079,546,3153,3591,3732,3004,1313,1774,1484,2,14809,642,0
KR202-463,1250,1878,2888,3605,3029,1257,3482,2370,1306,1404,1899,3280,648,4,10162,683,0
KR202-464,2641,3359,3594,3387,3239,722,2374,2090,3288,3010,903,2638,1613,2,4354,1912,0
KR202-465,2280,2041,723,2510,1159,1424,3147,580,3291,3378,1845,2657,1263,2,5049,1680,0
KR202-466,1490,2367,1100,1071,1812,2603,2815,3305,2069,2743,3993,2820,1357,5,12589,2545,0
KR202-467,1870,2814,2872,3554,1258,2910,3992,2967,3369,833,2592,2700,1157,5,14770,800,0
KR202-468,2199,3397,548,2142,2229,1611,1814,619,1285,1299,758,3707,1124,1,6357,1463,0
KR202-469,3884,897,728,1402,714,2491,1060,1633,846,3317,2046,946,1874,1,12938,351,0
KR202-470,1575,978,3155,1470,1301,3566,3328,2644,2395,1052,2704,3497,1818,4,9851,1563,0
KR202-471,1223,2400,1198,1048,1274,2854,805,1956,2434,1624,797,2234,792,5,7824,1701,0
KR202-472,3108,2019,1371,3732,3088,908,1628,713,1567,1772,557,2041,1478,2,12959,1897,0
KR202-473,3321,648,2740,2963,3574,699,2273,1515,3325,749,2556,1483,1065,2,10604,964,0
KR202-474,2823,1216,1418,3225,1684,2939,1677,1172,523,618,1528,1055,1250,3,7686,756,0
KR202-475,2678,3754,1729,3650,2479,3266,1938,1206,1620,1881,2551,581,1327,1,5604,865,0
KR202-476,1718,2882,1095,651,2322,1022,1046,1078,1896,1965,1309,1552,511,1,5357,540,0
KR202-477,1610,2801,3551,1605,2077,3979,1375,3570,2117,2273,3525,1460,1195,5,9707,1625,0
KR202-478,3718,3419,1096,687,1112,3594,3512,1582,1019,2784,3365,1207,1599,3,14300,1857,0
KR202-479,3493,1587,780,2886,2515,1252,720,832,835,1709,3020,3411,1858,1,13797,1255,0
KR202-480,3165,908,3108,3777,2868,2083,528,1439,3397,2984,2919,2770,1964,4,9483,958,0
KR202-481,681,2518,2613,2280,1471,1877,734,2230,3425,2364,1554,1679,1605,5,7092,1490,0
KR202-482,1057,810,3528,3909,2704,671,2002,3444,2414,2164,2326,3359,1828,1,2048,2291,0
KR202-483,3216,1544,2817,3981,1851,3275,1321,1095,2132,550,3460,3931,1642,1,9237,2559,0
KR202-484,3466,3288,2603,3214,3028,3307,2467,749,1760,3035,1178,1983,1542,1,13877,2644,0
KR202-485,714,754,2545,980,2766,3169,1373,3138,853,2954,1082,1073,1852,1,11817,1293,0
KR202-486,2306,3542,1831,1396,1340,3750,3187,2818,1088,2513,3123,1595,789,2,7381,1108,0
KR202-487,867,837,1007,1840,2371,1787,3352,3700,2732,3881,3415,1532,964,4,3087,1127,0
KR202-488,1519,2554,3569,3157,3368,1655,693,989,649,1145,953,2359,582,3,6643,1954,0
KR202-489,702,3242,3072,720,1439,1102,1261,787,1267,3439,1969,3189,1797,3,7745,1546,0
KR202-490,2192,615,2049,1228,3300,2294,3807,3512,3314,747,2095,1399,676,1,13101,2197,0
KR202-491,3712,1554,1911,846,1221,3069,570,3731,1442,2681,3601,1807,772,4,4176,1291,0
KR202-492,3099,3930,1903,1577,1080,3808,3964,1558,2661,782,1553,2289,756,1,13035,1703,0
KR202-493,3365,1178,3501,517,3181,3442,1569,2702,1043,1859,3024,2170,875,1,9595,2475,0
KR202-494,545,1686,1015,2395,2658,2415,3803,3662,787,1329,1331,1828,1500,3,4611,421,0
KR202-495,2743,610,3004,1815,1363,854,1713,3633,2992,1030,2880,3809,1545,5,5652,962,0
KR202-496,3865,1900,2065,3659,860,719,2674,2505,2196,3819,1241,3175,1321,3,6281,2194,0
KR202-497,2647,930,1050,594,3188,1787,3687,2014,2530,2287,3407,3141,1635,5,3738,1723,0
KR202-498,2844,3541,3953,3829,2220,1678,2841,561,1903,1049,1921,1794,1382,5,10595,1839,0
KR202-499,2681,850,3125,2565,1416,603,2274,909,3417,3179,2074,3909,782,5,13253,2475,0
KR202-500,560,1840,1596,1899,2727,2533,2194,3369,3758,1511,2352,3085,1861,4,8423,2403,0
KR202-501,574,759,3618,2509,1195,2897,1930,1972,1580,3264,2243,1939,1344,3,3968,1756,0
KR202-502,2666,1180,3869,1815,1727,3856,3369,3356,1984,3825,1117,555,840,2,8429,1633,0
KR202-503,750,3963,1481,3993,3707,3472,2794,2852,1954,3121,3021,3559,1464,3,11037,2250,0
KR202-504,1779,3512,3084,2828,1630,1020,2802,1023,2875,1588,2553,3404,1695,2,6381,1234,0
KR202-505,2790,1876,3994,2086,1787,2616,670,2829,3037,3289,2705,2055,1019,5,7973,726,0
KR202-506,3183,3929,4000,2814,986,797,3340,2287,3942,663,2653,3456,1998,3,12691,1286,0
KR202-507,3893,3182,1918,1143,1632,1459,1568,1412,1129,2591,2638,3199,588,3,9156,1192,0
KR202-508,2166,1434,3999,718,3217,1466,1572,3079,2861,821,2854,2410,1240,3,10320,939,0
KR202-509,2810,1777,1529,2281,2600,852,3938,1956,3016,1188,3969,2620,818,2,8980,1627,0
KR202-510,1655,816,733,1242,1746,3940,2565,2482,3117,3142,2081,629,581,4,10113,1915,0
KR202-511,1860,1267,3839,1786,3837,1276,2882,1010,3347,941,3630,3648,1247,4,2085,1906,0
KR202-512,3343,2966,3866,2838,1724,2055,1524,2454,3263,2799,1344,1073,1339,3,2392,1728,0
KR202-513,3079,678,3917,3549,731,2339,1989,1185,1458,748,2018,2666,804,4,14780,1640,0
KR202-514,681,2125,3963,3941,2194,2321,3804,2877,2507,2577,1445,1419,1464,1,6107,632,0
KR202-515,1304,3283,3138,3345,736,2253,1344,3618,578,3846,3470,3838,1706,1,4900,2510,0
KR202-516,3408,2345,3830,2943,1754,2963,2697,1169,1477,2740,2983,3127,1327,5,13216,1469,0
KR202-517,2155,3609,628,3635,2390,1386,2367,1682,559,1552,1092,658,1004,2,11393,1638,0
KR202-518,1057,1229,958,1767,1876,2392,1376,2176,1565,3885,2365,1871,1909,3,8417,1739,0
KR202-519,2028,1833,2308,904,1996,3862,2504,3280,3579,1124,1199,2330,854,1,4254,1910,0
KR202-520,3009,568,970,1780,2659,3225,2915,532,1631,2354,743,2330,1009,4,8539,2070,0
KR202-521,1929,814,2994,2574,1345,3151,2311,3083,2156,3463,3903,1646,1792,5,8836,1217,0
KR202-522,3958,3077,1845,3280,801,3398,2551,1696,1227,2964,2234,3430,1906,1,12233,1878,0
KR202-523,1846,2098,3789,1445,1201,3259,2240,2668,580,1481,2478,1824,763,2,10517,1634,0
KR202-524,627,837,2448,3799,1615,2221,2767,3442,1515,3787,2464,2954,1291,5,2488,2398,0
KR202-525,2195,2536,1033,3613,3803,959,2711,1464,3614,1704,749,967,615,4,11447,2030,0
KR202-526,3351,788,3572,2738,3013,3977,925,1366,3434,2525,648,1724,1405,1,11224,1919,0
KR202-527,3135,3777,2560,2538,583,1300,3874,3248,1535,1160,3978,1714,1183,3,10745,895,0
KR202-528,933,2130,3288,2202,2031,1958,3766,1408,2603,629,1044,3671,517,3,3954,1037,0
KR202-529,662,2673,3045,2563,2462,678,1498,3799,1360,2070,2691,3739,1413,5,13335,2470,0
KR202-530,1060,2639,3737,984,3761,3389,677,3582,3411,3374,711,2599,1403,1,11783,2480,0
KR202-531,3426,3656,1210,2478,916,758,2352,3907,1776,560,1695,2176,1940,4,12341,1205,0
KR202-532,923,2542,2476,3949,2693,969,1110,3330,925,3385,1290,2862,704,2,11158,1352,0
KR202-533,1303,2363,3815,3360,1994,3805,3728,2996,2011,1017,3870,3116,851,3,12821,770,0
KR202-534,2229,2164,2272,1983,3799,1577,2274,826,2388,3294,1985,3483,1184,4,5427,2287,0
KR202-535,1210,2296,2534,3980,2967,3414,2301,1664,1250,1803,636,2358,1693,5,11062,2011,0
KR202-536,3041,3681,3263,2226,1372,2164,3404,1832,3306,1916,3552,2976,886,5,1444,1538,0
KR202-537,670,936,2333,2120,3340,3129,3355,3422,1855,3727,610,1637,738,5,6061,2377,0
KR202-538,2435,1800,2599,2508,2652,2559,1808,3731,676,2725,1584,949,1414,3,10672,813,0
KR202-539,3656,1269,920,2963,3886,2457,2433,2641,1886,2175,1970,1164,694,5,5807,882,0
KR202-540,619,753,3514,3508,752,1774,1131,2864,2823,983,2143,3554,562,2,14819,1344,0
KR202-541,1786,1368,1326,3521,2302,1748,1795,2928,3513,2107,3447,3094,1509,1,12535,1413,0
KR202-542,3737,3164,1482,1833,1324,1865,3949,3771,3680,3848,2270,3783,1633,3,8251,3051,0
KR202-543,2770,2289,2519,1155,1241,3690,846,3622,1505,838,2201,2756,1670,3,6486,1038,0
KR202-544,2435,2043,3504,2083,2963,989,3370,2768,2198,3204,3628,1584,988,4,5783,2702,0
KR202-545,557,2556,3981,2276,1902,1179,1036,1821,3414,792,2747,3113,961,2,2617,961,0
KR202-546,3932,1160,2721,2623,2766,3723,3791,3527,2758,2443,2345,1114,1123,1,11845,1936,0
KR202-547,2712,617,2363,3358,3095,3071,2416,1170,2336,2680,3281,722,1470,1,3340,921,0
KR202-548,2916,2167,1066,3966,1476,2303,657,3009,2095,1535,1150,913,1645,1,3751,2095,0
KR202-549,2169,1837,3932,1758,3035,1670,2950,856,3651,1274,1688,2912,945,1,4936,982,0
KR202-550,3144,3019,3025,1661,1512,2738,3781,3287,1533,2289,1219,1795,630,4,4955,1844,0
KR202-551,3956,1977,3120,3324,3644,1494,3969,3680,3188,2148,2495,1944,1536,2,10942,798,0
KR202-552,777,1977,557,1871,3322,3770,2801,776,803,1941,2929,825,1950,1,12328,631,0
KR202-553,1935,2977,3498,2212,1342,3325,863,3737,683,3259,2653,2875,1140,1,10130,1522,0
KR202-554,3083,3374,3930,1612,1408,1771,3467,1560,2424,1220,3025,1481,535,4,10090,1191,0
KR202-555,3012,1648,2390,2978,2077,3313,2081,1800,1367,3864,2729,1145,1795,2,8193,860,0
KR202-556,3653,3513,1940,1399,2628,3160,1436,1870,2279,3273,936,3420,1687,1,7204,1122,0
KR202-557,1312,3768,3018,892,3703,1712,1468,3755,1934,3162,1464,857,1851,4,13755,1713,0
KR202-558,886,3420,3647,3636,2258,1158,1976,3141,3354,1657,1356,3711,1123,2,4408,1678,0
KR202-559,1477,1278,1268,2713,1541,1799,1873,2038,3967,3270,834,2585,1257,4,10775,464,0
KR202-560,3773,1513,2430,3309,1791,1829,3721,3836,3169,3099,3078,3386,1881,4,2975,3056,0
KR202-561,895,2155,2463,2698,2610,3120,2366,1332,2223,3205,833,2611,885,2,6530,616,0
KR202-562,3695,3065,2266,3864,3760,3947,3480,3263,2997,2643,2791,1077,1367,1,2044,3134,0
KR202-563,1593,1182,2417,1559,1894,2586,2679,1389,3869,514,2366,3813,1572,2,3709,520,0
KR202-564,2346,1626,1245,2670,2512,1618,2574,1781,3511,3785,2304,2784,1044,1,9648,1936,0
KR202-565,2287,1649,3967,3837,1493,1895,997,967,1031,2832,3245,2529,1277,4,6039,2048,0
KR202-566,3154,2706,3842,2751,2999,586,1124,3508,3884,2302,662,685,1902,3,5792,1241,0
KR202-567,3317,3171,994,3541,1944,740,1738,934,3545,607,1323,3142,554,5,1579,1234,0
KR202-568,1471,2868,1610,1255,3310,2457,3425,3397,774,856,1083,2021,1989,4,3857,1764,0
KR202-569,2366,1637,1773,2144,2781,1534,2333,1319,2813,2678,2193,3126,580,2,11016,2101,0
KR202-570,3316,1618,3513,947,3329,3522,2672,1346,884,1643,1809,1810,1378,4,6316,1966,0
KR202-571,753,3796,3890,3709,1408,3214,3327,2443,925,671,602,3977,1625,4,14236,2080,0
KR202-572,3169,769,1609,1479,2861,3944,1363,1150,1795,2853,963,1051,1559,2,3390,554,0
KR202-573,1589,3620,2928,727,2230,1946,1217,2010,1598,2348,949,986,912,2,11605,2002,0
KR202-574,2110,3372,3196,2433,3916,2120,2034,779,2045,2070,2105,2453,1636,5,11206,1725,0
KR202-575,2811,2039,597,1860,2235,1323,3480,907,2129,3707,1285,3221,736,4,4099,1711,0
KR202-576,2352,2637,3334,1391,2838,2599,3723,3538,3952,2963,2659,2512,1005,2,1815,1717,0
KR202-577,3213,2251,3279,592,2548,2203,3279,923,3331,1430,3743,3043,1796,1,13192,2589,0
KR202-578,2463,2130,2657,1587,1331,1414,3390,3002,3829,3067,1403,3032,563,3,4089,1973,0
KR202-579,2125,1870,1648,1163,3296,733,845,1912,3962,3411,1290,793,1704,1,11577,2026,0
KR202-580,536,2906,2836,2692,3527,1141,1449,3240,3004,659,1349,2260,1111,5,12690,448,0
KR202-581,2177,610,508,2611,3856,2245,2000,2749,3618,2573,2433,3905,551,2,1648,1131,0
KR202-582,1245,576,2030,2062,1604,2523,1649,537,2831,3057,1431,868,824,5,9951,1827,0
KR202-583,2010,3467,539,3551,2147,537,3645,1331,2457,1231,1515,1943,1169,5,11268,1938,0
KR202-584,1938,2030,3349,2578,3603,2647,3824,3541,1103,1014,3717,1553,1553,5,8929,1210,0
KR202-585,2536,3031,1410,1112,2996,1046,1599,2729,3706,715,2058,2154,1638,4,3973,2279,0
KR202-586,3882,3316,3062,3489,3638,2954,1688,728,1214,2810,2713,3553,1194,3,9440,2085,0
KR202-587,3460,687,3909,654,2480,3263,3796,2802,799,1061,2218,3970,1060,2,4528,1292,0
KR202-588,515,756,995,3336,1231,2724,3871,1273,649,3991,2787,803,710,1,4820,676,0
KR202-589,1235,2520,3434,1621,1131,3336,1847,2487,913,2067,2231,3537,1734,1,7485,2249,0
KR202-590,3017,3551,3124,1940,3359,3730,941,975,813,571,942,774,1072,3,1788,690,0
KR202-591,3895,2840,3576,981,3786,1161,1496,2459,892,1570,2297,3549,1348,5,7807,1732,0
KR202-592,1714,3195,1655,2302,2422,3944,602,1104,1485,1245,1814,2290,1940,3,6647,922,0
KR202-593,1541,522,2969,799,1845,1353,1284,766,3932,2790,669,2150,871,4,8428,944,0
KR202-594,3234,1226,3792,2368,3364,1404,1641,1427,1858,2709,2757,3685,750,1,14127,916,0
KR202-595,3268,1261,2885,2970,918,2243,1788,2011,1810,3610,721,1498,989,2,7950,1925,0
KR202-596,2105,3388,3151,2902,2711,825,1491,3006,847,786,2095,2892,1941,5,12709,2200,0
KR202-597,2648,2732,1510,784,1757,1747,677,2687,3603,737,3422,1554,513,3,14757,1488,0
KR202-598,3288,2868,981,1455,3540,3537,3097,550,545,3269,1954,3671,649,3,5595,610,0
KR202-599,1887,913,2447,3023,876,3062,1387,3053,1742,2968,3270,556,1212,3,7759,1219,0
KR202-600,585,2227,1016,1561,2412,3529,3163,3000,2131,1592,1726,3184,1869,2,12385,525,0
KR202-601,2165,2620,3442,3376,3953,1813,710,2722,2727,875,771,3029,1093,1,13000,1357,0
KR202-602,1220,2829,2214,3861,1977,2683,1397,759,538,593,1179,2126,1183,4,9060,1460,0
KR202-603,1759,2475,1159,1756,1743,878,1462,2233,3988,3800,1717,721,514,3,4941,2069,0
KR202-604,3403,3332,3453,1554,2554,1408,1461,1178,910,1334,655,1926,1303,5,8496,2072,0
KR202-605,3713,1527,1658,1876,2745,1952,3721,747,3579,1300,1274,2186,1622,1,14969,1034,0
KR202-606,1643,3883,1497,1584,3245,1455,854,881,1232,3689,1540,1091,785,2,4897,1892,0
KR202-607,1154,2680,2784,2730,715,2102,3409,517,591,3333,727,626,1741,2,3201,376,0
KR202-608,3690,3150,3270,853,2840,3034,1876,1901,2622,2629,1589,2209,1458,3,9073,2320,0
KR202-609,1266,3606,3787,3873,3628,2365,2160,3340,2886,3505,2736,3518,1703,5,4927,2356,0
KR202-610,727,3110,2906,1581,696,3449,3834,1019,2120,3777,1464,3870,861,2,13570,2087,0
KR202-611,1543,1032,903,2657,1296,3432,2086,2231,1998,2018,1710,2338,625,1,12578,1009,0
KR202-612,2047,1992,1895,1765,1760,2532,1005,2942,3298,735,713,3876,749,2,5417,698,0
KR202-613,1205,1218,2313,2705,1484,1065,2136,508,1898,1430,1872,2268,1981,5,11011,999,0
KR202-614,2148,3432,1986,2488,2108,769,1552,1304,2693,1093,3543,3229,649,2,2684,1590,0
KR202-615,3099,2321,690,602,689,2283,812,3783,3221,3472,833,2412,855,1,10297,1274,0
KR202-616,3251,1346,1009,3407,2729,2953,2299,1747,917,1151,3240,1014,1528,3,9097,1291,0
KR202-617,1969,3996,3282,556,1959,3925,3539,3467,3128,504,759,2943,1804,5,9466,2375,0
KR202-618,1318,2355,1449,3789,1010,3470,1435,3809,1003,1170,3006,3172,742,4,14560,910,0
KR202-619,2718,1519,672,1965,3505,787,1551,3023,3815,3060,2357,3810,1684,4,12187,2323,0
KR202-620,1180,3942,1715,2719,3040,3383,1895,556,2924,1155,3108,1011,1851,3,8050,744,0
KR202-621,3478,1462,1502,3382,2864,1728,2412,3458,3214,1866,1416,3812,918,3,11337,1194,0
KR202-622,1592,1164,1179,1567,2507,2062,1124,1844,2015,1118,2256,2685,1209,5,13291,1170,0
KR202-623,3498,3555,852,1552,1392,1187,1336,1884,3980,859,3148,2260,566,2,2069,826,0
KR202-624,2543,3441,2646,3680,1280,3646,1562,2133,3119,3895,1357,2109,572,1,4347,1595,0
KR202-625,2847,1102,1043,1924,2231,3569,3946,642,2517,3850,3651,1800,1248,3,7881,1053,0
KR202-626,643,1257,2194,2537,1690,2100,3073,1234,582,3336,3219,2371,1919,2,13587,497,0
KR202-627,1659,1644,3183,1691,803,1049,2447,1908,1448,3529,1996,2332,1064,3,3405,1468,0
KR202-628,1615,2841,1482,593,3469,1198,2471,2481,2218,2287,2945,3802,829,4,1949,1352,0
KR202-629,2587,2009,546,1201,3667,3388,1743,3674,1930,3059,1597,3887,565,4,10940,578,0
KR202-630,3775,2131,962,819,1860,3063,722,3706,1706,846,921,2428,706,1,7717,1710,0
KR202-631,1629,2199,2416,558,2931,1875,3713,3571,1952,3842,4000,2217,1410,5,5405,2022,0
KR202-632,3902,1121,680,1384,1423,3126,997,3524,1522,3780,2120,1553,1088,2,7153,1399,0
KR202-633,3965,1168,1719,956,599,2491,3324,3847,2149,3182,782,3670,1815,2,14411,1276,0
KR202-634,2194,604,3124,2022,1078,3958,3005,1129,3813,1925,2598,2120,1638,2,13959,713,0
KR202-635,604,3434,3102,2010,3019,1047,3128,2965,3841,2260,1167,3385,1254,5,10796,1054,0
KR202-636,2688,873,3211,3266,2340,2186,2389,2036,1625,1843,2122,3884,1024,1,10536,1599,0
KR202-637,825,1821,2411,1314,3352,1247,1967,3538,3195,1349,2977,2679,1485,5,11048,851,0
KR202-638,3903,2307,1786,964,808,2930,2466,3531,1558,1430,1127,2547,1210,3,4698,1937,0
KR202-639,1757,1461,1894,1615,2145,3054,3953,1146,3288,2043,634,612,1198,3,3206,2032,0
KR202-640,2685,3610,821,1480,1640,2825,1000,2477,3218,2553,2815,2568,1790,5,2673,2308,0
KR202-641,1751,3402,3749,1023,2410,1073,3874,3501,2585,502,1947,3825,556,2,5340,2634,0
KR202-642,2155,3059,889,3199,1331,952,3924,1847,975,2637,2949,2119,1148,2,12891,1745,0
KR202-643,1731,1889,2986,2042,1141,2676,2669,2007,1693,3990,3633,3852,565,2,10736,540,0
KR202-644,857,3766,2893,2433,1239,1847,1465,2004,2104,1819,3082,3750,746,3,9766,1466,0
KR202-645,3118,1616,1558,1011,3623,1850,942,2841,3040,2771,1705,2831,1717,5,4158,1199,0
KR202-646,2592,2753,1948,1998,605,3279,2791,1345,3186,668,2202,1190,1283,5,2227,1337,0
KR202-647,1777,2349,1005,1796,3881,1898,1536,819,743,3996,1024,1439,1384,1,13299,407,0
KR202-648,1893,603,794,2427,3960,3745,3837,2203,3611,3569,1945,579,1287,3,6492,1832,0
KR202-649,1796,2397,2460,2563,588,3173,3705,3867,1281,2201,1917,2866,690,1,4296,1506,0
KR202-650,3544,3036,3562,2478,3363,2147,3384,1431,3546,3142,1429,2231,1568,2,13969,1166,0
KR202-651,1578,1604,1431,2853,2679,2038,1802,1868,1795,1615,2849,3592,1934,1,8500,2316,0
KR202-652,2672,3716,2649,2262,2119,980,2240,3748,1129,1281,621,2273,779,5,1923,1230,0
KR202-653,3054,3160,2785,693,1692,1187,3989,3147,3441,945,2737,2402,1599,2,5097,2639,0
KR202-654,1943,990,2329,3476,1402,3327,1922,3673,909,690,1356,1924,1000,2,3924,687,0
KR202-655,2408,1442,2976,3857,2395,752,948,2158,2450,2728,3928,2199,526,1,12281,857,0
KR202-656,1544,1848,1671,1811,2212,1279,3270,1998,3341,3091,3540,2765,1843,3,11768,1837,0
KR202-657,3419,3028,3476,716,1582,1200,2495,505,2202,1398,1677,1922,740,4,6151,1371,0
KR202-658,2432,2482,1223,3586,2725,1456,2260,1731,3862,540,1572,2241,1008,1,9518,2106,0
KR202-659,2527,1646,3307,1604,2814,3084,1253,3737,2025,1884,3984,2746,678,5,1035,992,0
KR202-660,2894,2470,2739,1372,612,1008,3688,2062,2725,3681,3413,2370,591,5,14971,2631,0
KR202-661,2679,3215,3795,3856,1314,3798,1620,662,1085,562,2775,3491,1342,1,3874,2257,0
KR202-662,3799,3155,2553,1883,1857,2843,3533,3002,3699,3819,2711,3522,1456,3,5934,1796,0
KR202-663,2007,2399,3104,694,2316,761,3267,2171,1609,3275,1392,3991,1339,3,6184,914,0
KR202-664,3302,3583,3895,2981,3340,2125,3107,3273,1704,1358,1075,2111,1378,4,14285,555,0
KR202-665,3822,2337,1890,3062,1703,2191,1971,2293,2810,2096,1822,3945,1388,1,11074,1942,0
KR202-666,2276,772,3668,2993,3154,932,875,2286,1093,3226,2536,1470,641,3,9263,1677,0
KR202-667,3337,1034,3862,3108,3503,2184,2125,2957,3514,960,3796,3566,1116,4,12945,2255,0
KR202-668,3924,1687,940,684,3173,2544,2942,2777,1749,3783,2468,1940,797,3,6136,1926,0
KR202-669,943,658,2735,3346,1221,2445,2140,1319,1825,2997,622,3580,763,5,5467,423,0
KR202-670,757,638,2910,1950,1958,591,3823,2000,3768,764,3835,2168,1812,1,14871,1503,0
KR202-671,1565,826,1374,2492,2506,3411,512,3398,1104,2340,1738,1255,808,5,10979,1118,0
KR202-672,1855,2007,1936,2094,1423,1605,3761,2974,1058,1184,1692,2402,1149,4,14889,1353,0
KR202-673,965,3521,3664,3585,1527,984,3964,1297,2898,1218,2428,3276,517,2,9225,858,0
KR202-674,1496,3502,1317,2725,707,968,2309,2089,1038,3269,1785,1379,569,2,6281,871,0
KR202-675,2940,1620,799,3214,1254,1801,522,679,3998,2781,1223,2265,1197,2,4108,700,0
KR202-676,1978,1811,3819,3946,2825,3568,1043,3272,1128,3560,1009,2090,1197,4,14889,543,0
KR202-677,2619,725,3216,2920,2125,3175,2478,1357,593,1308,2873,2173,1687,1,6367,463,0
KR202-678,3376,2563,3202,1465,2529,3573,3314,955,1028,3034,1040,2602,1366,1,14471,1234,0
KR202-679,1278,1004,2350,754,520,1755,3279,801,2326,3228,1498,942,1227,4,7872,585,0
KR202-680,509,2796,1801,2518,2073,1169,2191,3300,3919,1574,661,1373,988,4,2200,987,0
KR202-681,3878,1717,2719,2760,805,3535,1414,1038,1969,595,1192,760,1267,2,3330,1603,0
KR202-682,3283,2919,2694,1843,2014,3090,3794,3151,1757,1121,2361,3459,1349,1,4844,1282,0
KR202-683,2008,2305,717,2565,3790,1947,3240,3400,1667,3408,1073,540,1161,2,10974,1376,0
KR202-684,3983,3777,955,2970,2356,1842,2298,3262,1407,1802,2567,3129,1885,1,10537,633,0
KR202-685,3542,2337,782,683,2309,3876,967,2438,3100,3504,1804,1749,1073,1,9154,1610,0
KR202-686,1821,3507,1980,1262,2132,830,3133,2714,651,1150,581,2618,938,4,10475,904,0
KR202-687,580,2588,3511,3235,2583,2184,848,3065,2359,1894,2709,1239,1547,5,4492,2244,0
KR202-688,2523,1865,3660,1891,1706,1541,1718,1405,1854,3327,1651,552,1775,4,10564,1764,0
KR202-689,1309,747,3917,2890,541,873,3481,512,1049,3041,981,2300,855,2,7670,1191,0
KR202-690,3300,1999,1133,1563,2149,3021,1543,3451,3072,3980,2120,1917,1399,4,4394,563,0
KR202-691,1594,2692,3402,817,3168,1131,3532,1168,1889,2795,1176,2184,1558,5,2731,867,0
KR202-692,751,1590,2821,1097,1735,2433,3955,1799,2980,3439,1570,1867,1945,2,2528,522,0
KR202-693,3139,3061,3031,3762,1988,1623,2396,647,3124,3493,2567,3814,1310,4,4330,2681,0
KR202-694,3981,1105,2417,1614,2221,1633,2301,1312,2688,1449,1814,1858,1328,2,11436,1611,0
KR202-695,2775,2340,938,1158,1945,629,3253,2739,1864,3855,614,1024,994,4,11458,1519,0
KR202-696,2157,647,2911,1209,1392,3097,3105,3233,913,678,1123,3071,1569,3,9815,716,0
KR202-697,844,1266,1868,1107,2526,1392,3466,3371,3173,3683,2541,2089,1858,1,3317,2269,0
KR202-698,3307,3480,3028,2936,1498,791,3691,3751,3955,2117,585,1606,773,2,6109,1171,0
KR202-699,2929,3340,2727,3415,3858,3654,1774,3835,3476,3928,2552,3335,1618,2,3133,752,0
KR202-700,727,2915,2792,999,2994,2201,3152,798,3176,857,710,1751,1219,1,8804,1735,0
KR202-701,2411,1741,2379,1349,2962,3022,2241,1711,651,1847,3524,3295,1299,1,2164,949,0
KR202-702,3768,3456,1035,3999,3806,3527,3187,3068,3738,972,2467,2595,1619,1,12136,3042,0
KR202-703,3279,1232,2658,1839,784,2804,3065,2624,1705,3330,3177,2217,709,3,8077,1360,0
KR202-704,2072,1885,3621,599,2777,1124,2794,1418,3451,949,3822,1174,1101,4,2809,1932,0
KR202-705,1090,783,2754,1748,3761,2353,1833,3582,2318,3561,2436,3699,692,1,13903,2166,0
KR202-706,1359,3092,3168,1423,3028,1335,587,2445,2441,3258,844,1386,1776,4,3777,2140,0
KR202-707,3141,1290,3050,3050,2170,3752,1761,3105,998,2971,1776,2735,653,5,6089,1080,0
KR202-708,3633,703,3008,1566,2688,3582,2244,1628,2562,1782,3955,1286,1788,1,10508,506,0
KR202-709,3143,3981,3564,540,785,2939,2550,1893,1009,3933,2191,1786,634,3,14526,590,0
KR202-710,982,2501,1762,521,740,2689,872,3986,1198,2618,2282,536,850,2,7965,703,0
KR202-711,2793,2100,1106,3957,2541,3157,1111,1627,3004,2846,2770,2821,1795,3,14166,1842,0
KR202-712,3778,3077,1863,2603,3380,2972,1909,2832,1544,1160,792,3175,1675,4,7942,2563,0
KR202-713,2861,1130,2590,763,603,3718,3545,3420,3450,3693,2100,770,1502,1,14812,969,0
KR202-714,3518,1800,3750,3138,1063,1112,1515,660,1762,1249,3587,1487,1861,2,4865,1607,0
KR202-715,985,1982,2910,1265,3405,1089,586,647,2580,1901,3248,2116,1679,5,7055,1421,0
KR202-716,1263,2237,3574,2553,3599,3841,2777,2130,2743,603,2406,2666,626,2,4911,1508,0
KR202-717,2952,1414,1451,1297,1376,826,2352,1234,2388,2213,1603,1619,1378,5,9080,1199,0
KR202-718,1332,751,1838,2775,3113,2746,2742,793,3445,3397,1625,1827,567,2,4089,560,0
KR202-719,572,1364,1495,2642,585,2304,2547,3525,3991,681,1438,1998,1483,2,2392,1934,0
KR202-720,3730,1534,3338,2952,2119,3637,722,503,2560,3410,1481,2041,651,5,14458,709,0
KR202-721,3523,3446,2089,1713,3839,2951,1455,3634,1666,1250,1301,2358,1150,3,11927,2432,0
KR202-722,2726,2854,2215,603,2505,1782,777,2594,1507,2978,1768,1776,1057,5,6337,414,0
KR202-723,916,3507,1875,2786,3202,3229,3261,3134,2739,3889,1472,2831,1542,4,10396,2701,0
KR202-724,722,2313,3329,2159,859,1964,3848,2638,1524,950,3046,2873,1177,5,8142,1960,0
KR202-725,1577,3028,844,3392,918,1267,524,2108,627,2267,2840,511,1503,3,9152,643,0
KR202-726,1982,3996,1596,2767,1891,1598,3638,3500,2873,2289,988,679,592,2,7186,1931,0
KR202-727,810,2577,3134,927,1662,2743,1448,1570,1711,1314,2960,1374,949,4,11898,570,0
KR202-728,3189,1362,1231,1768,724,2803,2230,2235,1108,1657,1955,2675,1302,2,9106,1810,0
KR202-729,3390,505,2233,1752,517,2227,1690,3771,3860,3604,2396,1579,1756,2,9930,1795,0
KR202-730,2764,3388,1783,914,3794,3556,3439,3751,777,751,2039,1984,1602,2,10683,2083,0
KR202-731,1634,2862,885,2905,3424,3325,1269,2563,980,2490,711,1159,1847,3,12382,1819,0
KR202-732,2324,1371,1694,3761,1055,3276,1368,3178,3269,2932,2448,2618,1529,2,14550,677,0
KR202-733,1129,2967,2420,2842,3894,3744,1995,1025,1495,3094,3901,1716,1041,1,6397,2066,0
KR202-734,2533,3245,3815,3116,795,2635,1718,3336,1983,3159,2715,2286,1203,3,1521,2625,0
KR202-735,1248,1256,1277,3890,1358,1896,2371,3523,599,2105,610,1833,816,3,7508,478,0
KR202-736,749,3824,2049,2880,1063,3670,2781,3176,1342,3664,1782,1414,1184,5,10148,1445,0
KR202-737,3450,1041,2600,1022,886,2029,2262,1779,1916,3285,895,660,1136,5,7381,733,0
KR202-738,2415,3127,2000,2864,1249,2545,1230,1728,1331,2650,3626,2483,1453,3,9907,1852,0
KR202-739,2042,2770,3185,1252,1090,3888,3090,617,3195,3730,3324,3375,1170,5,7020,1827,0
KR202-740,2148,3529,3912,871,3741,1128,2222,3771,2735,2426,2064,2699,534,4,9286,868,0
KR202-741,3435,2786,3717,699,3046,1728,1365,1625,684,519,1376,2656,727,2,3229,1794,0
KR202-742,2843,2188,2953,2309,3542,3167,1124,1100,2202,2973,3906,1326,1443,5,5028,1430,0
KR202-743,1343,2932,3825,559,3121,3203,1976,1819,1967,2951,3127,933,1958,2,6388,665,0
KR202-744,2495,3428,1882,1778,3199,3987,1575,3447,2714,3351,1109,1044,986,1,11769,795,0
KR202-745,1911,3926,3183,3751,2607,1845,2285,2739,1360,932,2617,2549,1630,1,14912,1129,0
KR202-746,1357,3320,2443,3816,2607,3130,2825,1071,2046,3679,1756,3548,904,4,1590,1854,0
KR202-747,753,3365,3137,2393,1950,1258,893,2041,3455,3581,1594,1354,1913,2,11436,1576,0
KR202-748,3144,2764,3985,1325,1888,1731,3804,1161,2354,1841,3676,522,1167,5,7186,1719,0
KR202-749,2506,1530,2051,3919,2226,889,3724,2991,3653,3784,2161,1274,531,5,14397,1828,0
KR202-750,3740,1576,3583,3068,1042,603,3797,2578,1533,1311,3912,3084,1706,5,14439,2550,0
KR202-751,1688,2932,2828,2200,748,1685,3464,1859,1798,3702,2179,1887,741,2,2323,1812,0
KR202-752,3173,1381,2516,1130,2243,880,3540,3494,3345,2298,1558,1783,1500,3,8147,1325,0
KR202-753,3106,2887,1356,1155,3221,1869,694,988,3757,980,2168,3288,885,3,14889,2233,0
KR202-754,1073,3523,1562,3669,1473,3044,3198,3470,2545,3285,1594,2079,1968,4,7791,2198,0
KR202-755,764,2434,2392,3170,2397,3663,2735,2189,1634,551,3762,3005,1195,4,1519,1256,0
KR202-756,1550,3774,1617,2438,1606,2999,1851,1354,2395,924,841,2219,1874,2,14135,1217,0
KR202-757,2722,2513,2053,3017,3639,1268,957,3501,762,2219,1398,2342,1486,4,13924,572,0
KR202-758,916,3880,924,2460,2266,3086,2593,651,2535,3891,2062,1775,1262,2,6564,1265,0
KR202-759,2526,2354,2442,1692,2364,1226,3156,818,3794,619,2073,2658,1559,4,10906,2212,0
KR202-760,2080,536,1896,2357,2162,753,2884,2888,3887,3562,1315,1851,1037,4,12763,1243,0
KR202-761,4000,818,3220,2683,1214,974,2499,2210,3933,1305,2416,819,1081,3,8295,1592,0
KR202-762,3528,3218,1582,3724,2126,764,3872,2771,505,2334,2429,2523,764,1,14924,1090,0
KR202-763,1486,2720,2471,2751,1609,3849,958,2475,544,3982,2068,3110,1485,1,9772,2040,0
KR202-764,2569,2806,544,1980,2721,3875,3326,1269,2607,3470,2186,2365,1175,5,14525,1749,0
KR202-765,795,3853,3399,1944,3819,513,3039,2629,1513,2272,2104,3554,1369,3,6859,1432,0
KR202-766,3523,3910,2833,1795,3055,1724,2137,2459,2466,2886,520,3408,1963,5,7445,2753,0
KR202-767,3865,1803,3695,790,3471,2770,2608,3729,682,3272,2361,1171,926,5,5193,1661,0
KR202-768,3816,536,3760,1395,2656,2172,3132,3023,3758,3378,765,3215,935,1,11490,1374,0
KR202-769,2178,3820,717,1571,695,2575,3402,3332,2912,589,651,1686,675,1,13628,1344,0
KR202-770,1172,3162,1841,3416,2006,2829,703,1754,2286,3571,2721,2415,1663,5,12242,1642,0
KR202-771,699,2351,1574,682,2044,2210,2152,3911,2566,1520,1990,3453,952,5,8443,2182,0
KR202-772,1748,1986,3767,1672,3820,3542,1680,2698,2064,1971,3680,2551,1880,1,13138,1788,0
KR202-773,2075,2921,2645,731,2370,864,1176,1042,3654,1003,2502,2535,1839,1,4673,2003,0
KR202-774,2582,582,1573,3729,2497,2759,3353,1896,2752,3182,2893,1547,1695,5,3165,1939,0
KR202-775,1230,2210,3244,1457,3789,2584,624,1862,2548,3164,2177,699,1345,5,6157,2043,0
KR202-776,1407,653,1296,1486,1399,3798,1719,2036,3913,1534,1671,810,1743,4,3238,1099,0
KR202-777,2413,1594,1668,3568,3228,1056,2234,1448,1689,3088,2589,2827,604,3,9736,836,0
KR202-778,1409,3726,2927,1126,2129,3460,646,2895,1929,3024,701,1000,1544,1,4854,1815,0
KR202-779,2643,587,3524,1602,546,808,3291,2282,734,1764,1014,2465,1221,2,10316,1453,0
KR202-780,3859,1851,3680,1552,3965,745,2693,1821,1909,953,2711,3736,695,3,8753,2476,0
KR202-781,3471,2427,583,1440,3934,3989,3953,1316,2981,2268,3137,1778,1670,3,9678,782,0
KR202-782,3750,776,3697,1380,1993,2999,3291,3163,2711,3447,622,2288,1528,1,5232,2573,0
KR202-783,587,1947,1870,2740,537,3553,1091,3975,2023,1852,2300,3562,823,2,11454,1734,0
KR202-784,1407,3527,1366,3989,3065,1170,2345,2554,1538,2309,3694,3369,1338,2,12255,1685,0
KR202-785,1656,1694,1147,2744,2213,2910,2613,3031,3201,3082,939,1542,780,2,9444,1993,0
KR202-786,3531,2744,3448,922,3539,3649,3143,1964,2664,3158,3491,1861,1889,2,5759,1825,0
KR202-787,702,2154,1998,598,974,1753,1592,2424,2530,3296,592,1751,829,4,6416,759,0
KR202-788,1498,2125,638,3914,3410,3910,3603,902,3562,3963,2837,1447,1681,2,6459,666,0
KR202-789,1965,3975,3578,2292,1646,1329,3772,1926,1066,3874,2352,2636,1719,2,7739,1778,0
KR202-790,1438,3085,3973,3206,2338,972,3197,2574,1709,3139,3670,2328,880,4,12053,1556,0
KR202-791,3571,2531,1331,1186,2947,1034,3107,1024,3338,3401,3000,3712,1329,4,11345,2595,0
KR202-792,1194,905,1956,2232,1645,2881,1210,1279,824,3218,1778,2112,1035,4,5241,1872,0
KR202-793,1771,3393,3799,3063,2917,2516,3590,1242,2784,2001,1325,1781,1228,3,9838,1193,0
KR202-794,976,2716,2181,2334,2669,895,1934,1108,866,961,2330,656,716,4,11254,517,0
KR202-795,796,2586,967,914,1756,1950,600,2007,2891,3853,2489,3432,548,4,1908,482,0
KR202-796,3405,2750,1301,3027,999,3828,2199,3980,830,3681,3843,1175,795,5,12298,1239,0
KR202-797,1990,1452,2559,1108,3494,1518,1281,1244,3501,1059,2002,2923,634,3,3600,547,0
KR202-798,2253,3689,1651,3656,1671,1176,3478,2796,1475,1196,1107,2982,1347,1,13731,1853,0
KR202-799,1968,3928,2349,1440,889,2334,685,3788,3504,2980,1671,1423,1913,1,10773,1170,0
KR202-800,2861,2179,2826,2075,518,2901,3121,1805,1005,3801,2410,3443,1149,4,14980,573,0
KR202-801,1235,1080,2026,3077,2027,1220,1503,1017,2347,1037,1644,3037,1873,3,7696,605,0
KR202-802,1798,3271,501,3060,3307,2881,2086,2510,2059,3288,733,2580,534,1,12127,1828,0
KR202-803,1632,2252,3849,3232,3780,1157,870,2041,2495,3114,527,2410,1618,4,9704,1080,0
KR202-804,1790,3955,1123,2839,3174,1656,811,2819,1338,1924,3899,2486,1078,5,5669,1597,0
KR202-805,2482,2314,2019,2117,808,563,3995,2820,2813,2891,2670,2590,545,4,9919,479,0
KR202-806,3313,2212,871,767,3844,2009,2403,2307,1535,1956,741,1483,730,5,4237,540,0
KR202-807,650,3490,1342,3754,2192,3420,2146,517,2628,504,1650,3588,1951,2,5215,753,0
KR202-808,3990,1986,2307,622,3698,2162,3105,3076,2727,2218,2466,1139,1119,1,6483,793,0
KR202-809,2673,3665,1310,3526,932,2387,1821,932,1370,537,681,2524,1271,4,4773,1935,0
KR202-810,1456,1657,1042,973,2801,555,1136,2738,1856,2587,3214,3431,905,1,11817,454,0
KR202-811,2679,2658,2422,604,2700,2102,1577,679,3873,3445,786,3405,1069,3,13164,2085,0
KR202-812,3542,2443,651,2423,3882,2436,2109,2854,3363,3303,1479,823,1126,2,10794,1223,0
KR202-813,1485,1322,3098,1992,1617,2355,1554,779,3711,1649,1620,3714,1204,1,14618,1074,0
KR202-814,1734,763,910,2241,2892,1376,3201,2804,740,1349,2909,952,1443,1,10295,393,0
KR202-815,1717,1098,3701,1071,1025,1418,1755,3539,556,1696,3961,3517,1728,2,2498,539,0
KR202-816,3503,2191,1753,1373,1973,1192,2432,3031,988,1520,2634,3894,1478,3,10347,2271,0
KR202-817,3858,1911,3086,1043,1428,2524,2044,3697,1215,3313,769,1528,1736,4,7460,2323,0
KR202-818,1758,818,1569,2471,977,2937,2065,2658,3278,3963,2807,3350,917,4,4090,2193,0
KR202-819,3664,3414,2576,3001,3326,2596,1820,758,660,2496,1825,3337,1341,1,12834,1740,0
KR202-820,3885,2788,3455,2064,663,1828,1954,1612,3327,807,2621,3815,1137,3,10028,2080,0
KR202-821,3890,2037,2992,796,1207,592,2389,920,3278,2764,2417,2974,1561,4,9179,1931,0
KR202-822,1412,2422,3320,800,1628,2863,3471,2113,2646,1427,613,2649,1852,2,6397,865,0
KR202-823,1579,1557,530,2615,3128,3649,3983,3471,3675,2624,3445,1854,1172,3,13320,1187,0
KR202-824,3523,1932,1345,3680,3126,2559,1299,760,3231,688,3515,1638,1503,4,5305,1904,0
KR202-825,540,3820,2823,3169,1186,1438,768,3437,1605,2994,3340,906,1218,4,1648,1789,0
KR202-826,3331,3995,1245,1007,2288,1960,1679,2365,1226,1491,3001,3887,1419,3,12100,2374,0
KR202-827,3880,1626,3080,1415,3969,625,2785,3202,528,3650,1181,3511,611,5,6270,1799,0
KR202-828,2572,3795,3607,753,621,3416,2981,3867,2292,1384,3447,2993,1520,5,10919,2412,0
KR202-829,2842,3869,1979,1485,1438,1964,3577,1072,891,2446,1131,818,1441,4,4651,569,0
KR202-830,3982,2304,906,2603,2139,3591,2745,2859,3176,1824,846,3306,1614,4,8135,2247,0
KR202-831,579,3122,3639,1943,1097,710,732,566,1269,1449,2182,1023,1039,2,2904,1339,0
KR202-832,1095,3294,2469,2121,547,766,811,3095,868,2929,3452,1321,1400,2,14361,1597,0
KR202-833,527,2482,1509,3386,2557,3816,1853,1474,1004,3567,2579,3770,1161,1,10312,1447,0
KR202-834,1976,982,1086,2795,3348,1499,3059,1586,2808,3266,1237,1102,742,4,9117,1754,0
KR202-835,2704,1400,874,2844,1551,1540,1623,3188,1248,1734,1735,1986,789,3,12894,1941,0
KR202-836,3233,2093,900,3644,932,987,3658,2347,3487,2237,1948,3152,1312,1,13604,1168,0
KR202-837,2818,1766,3002,1847,3676,1468,710,862,1488,891,2553,781,1993,1,14892,839,0
KR202-838,959,3318,3131,1394,3225,3069,784,1275,1159,2734,2135,3938,568,1,12362,905,0
KR202-839,2603,2128,1081,1534,2407,3922,1412,2051,1378,2781,1239,3419,921,1,14086,513,0
KR202-840,3590,1000,1778,2181,3324,2057,1138,3905,1152,543,1328,3850,1852,3,9976,483,0
KR202-841,2005,3956,1975,3976,1946,1067,3013,3530,956,2067,2507,2529,1739,1,2508,930,0
KR202-842,3350,3730,3443,3267,2406,3094,1094,3623,3254,3850,1282,3457,1647,3,14408,1956,0
KR202-843,1679,3950,2053,1113,2384,2896,968,2705,847,3874,1168,2259,1554,3,5003,1662,0
KR202-844,3582,2969,3728,3187,3420,3544,3382,3629,2890,2198,2456,780,1355,2,6723,3155,0
KR202-845,1218,3806,1684,3629,2747,827,2483,3924,2742,2582,2150,2414,1952,4,13900,791,0
KR202-846,767,3799,2645,1193,1909,1504,537,3998,2585,1147,1758,1930,1747,1,6030,1854,0
KR202-847,3457,2894,3631,1010,3290,2472,1719,1728,3139,3826,2374,3137,1142,1,3629,1908,0
KR202-848,2265,1692,531,1036,3713,1228,864,1763,1841,1780,1259,1059,1293,3,6747,827,0
KR202-849,2960,3943,3030,1602,833,3249,576,559,2735,1874,892,3457,1464,1,9048,2012,0
KR202-850,3220,853,3277,3203,1365,1371,661,850,1130,3026,1271,3787,959,2,5713,748,0
KR202-851,3457,3124,958,3798,851,2480,3026,2459,2495,3411,1327,3891,1789,4,11486,1817,0
KR202-852,3239,670,2484,1914,2693,1238,2743,2749,711,1304,967,1737,1562,4,8880,537,0
KR202-853,1276,1247,3748,3237,722,671,700,2459,2808,2615,670,3304,1130,4,1372,601,0
KR202-854,3253,1529,2821,3778,2527,3075,2159,3272,3036,812,2773,657,1667,2,10612,1332,0
KR202-855,1739,1064,3201,3579,1487,3252,1990,846,3488,3190,1941,2876,1044,3,14833,1341,0
KR202-856,3681,3726,1640,2352,1037,2978,3235,1842,3718,3036,536,503,1924,5,12057,1378,0
KR202-857,1263,2947,2702,543,3716,998,1556,1797,2723,2388,761,1728,781,4,6563,888,0
KR202-858,2771,1955,1119,642,1602,2065,799,1330,1345,1376,1684,3862,761,5,4028,1469,0
KR202-859,1755,3657,2741,1174,1872,3870,1958,962,1717,1426,3203,1723,547,1,5490,2161,0
KR202-860,3993,2542,3118,851,2856,2505,3443,3950,3071,746,1482,540,555,4,856,2369,0
KR202-861,3173,3933,3370,1116,2867,1040,1883,1976,3315,936,2974,1152,1963,4,13036,1332,0
KR202-862,2834,3375,1032,2629,3895,2162,2204,3502,2361,3851,1485,762,575,4,13797,1871,0
KR202-863,1558,3974,2096,2259,3657,2294,1012,2894,3441,2146,1850,3533,856,3,11236,2344,0
KR202-864,3026,1970,2251,1679,3502,3393,1576,2384,1174,883,643,1121,1745,1,6081,1935,0
KR202-865,1023,1118,1832,934,1360,3282,1561,3748,637,840,2947,640,1546,2,10843,738,0
KR202-866,2497,942,2848,2653,1607,3980,3686,2344,2099,539,1294,2715,1802,4,14666,857,0
KR202-867,2588,1279,675,1708,1409,2871,2738,3222,3855,2683,712,3836,1916,4,10761,2253,0
KR202-868,1267,2097,502,1297,3358,686,2394,1261,1619,3484,3662,2131,865,4,13118,539,0
KR202-869,3149,2623,2224,2091,1604,2680,2454,512,2045,2420,2846,601,1931,2,10463,1247,0
KR202-870,1021,911,2775,2894,1697,2782,3276,3459,2342,1368,1623,3068,1841,5,14656,579,0
KR202-871,1472,524,2511,882,2982,3394,2718,1698,3478,1490,2809,1760,1708,3,9795,2224,0
KR202-872,2452,1535,2451,683,3492,755,2450,3513,1295,2161,3880,3476,1360,2,8866,1033,0
KR202-873,2814,2420,1902,1713,555,1566,3658,617,3112,896,2162,2308,625,5,4781,1096,0
KR202-874,2187,1828,2073,1683,2321,3273,3756,1322,556,2571,1121,3407,965,5,11056,1918,0
KR202-875,3839,1068,3771,2887,1706,1828,2651,2411,3721,2176,788,1567,999,1,4377,770,0
KR202-876,1310,1038,856,1337,2077,1622,1496,3729,3791,3588,1181,705,1730,5,5702,762,0
KR202-877,1323,566,2540,3722,1881,1231,1970,2549,2909,1742,3714,2760,1662,5,10554,2154,0
KR202-878,1423,884,3057,3032,1263,1031,1919,3260,3212,3463,3109,3744,510,2,1718,2567,0
KR202-879,2858,2424,2786,3499,1631,3099,2001,2236,3723,743,1813,2374,603,4,8964,1886,0
KR202-880,3087,1848,2129,3437,629,641,1798,2332,1170,960,2588,1318,1020,5,2999,1094,0
KR202-881,1325,2635,3025,1166,3142,3052,786,3628,3032,3309,3212,624,565,2,3214,1578,0
KR202-882,3340,2722,2566,3093,1565,3367,3182,553,1709,3889,2062,2601,1309,3,8150,1473,0
KR202-883,1179,2260,832,3381,714,1208,2643,2127,2135,2468,559,1536,1155,2,11972,1511,0
KR202-884,3548,1115,1718,2609,1298,2947,705,2322,1770,3956,1148,3328,1130,5,14791,2060,0
KR202-885,2072,1511,1837,1611,851,1296,823,3606,2365,3488,3468,2443,910,1,8024,935,0
KR202-886,3065,3358,2815,3416,1805,2312,1859,3657,941,1801,1283,1862,573,3,2645,2244,0
KR202-887,788,3587,2471,529,3178,3881,3919,3712,1117,3093,1171,3930,1823,1,7813,1224,0
KR202-888,3245,3206,1418,2284,1844,3297,3393,2793,3967,1556,2481,2273,1102,2,4265,2185,0
KR202-889,619,2799,3571,3658,1926,546,2911,587,3749,3360,3678,3319,1623,5,6385,2708,0
KR202-890,2238,1521,2553,2180,2812,2496,3695,1522,1860,1187,1020,3795,782,4,14924,2100,0
KR202-891,728,1270,3055,1780,1351,3532,969,1379,1089,3151,816,932,1635,2,6459,1085,0
KR202-892,3031,2651,3188,1245,991,1356,1225,3742,3336,3038,1651,2422,1442,2,12167,2336,0
KR202-893,2326,1144,3963,3821,1679,2588,3124,1743,2809,2173,1944,3558,1706,4,8618,1451,0
KR202-894,3795,2997,3972,2191,3345,3083,1497,2422,3073,1135,3363,673,1427,4,3557,560,0
KR202-895,2589,3984,1160,2400,2040,1348,2096,687,3033,3155,2474,2990,1157,3,5290,2380,0
KR202-896,932,1068,1232,2350,3874,3376,3177,2446,1945,3338,1379,2234,1425,4,9444,1258,0
KR202-897,1823,1042,3868,2186,2268,2748,2455,2505,966,1702,3801,3131,1364,3,4573,921,0
KR202-898,2370,1486,2877,1261,2388,1765,763,3636,1720,3949,3437,3716,1040,3,9726,968,0
KR202-899,1374,1408,1160,687,893,3802,2737,949,1181,580,2000,810,1474,4,5422,1556,0
KR202-900,2058,1057,2847,3760,3651,664,1952,3007,2740,2088,3559,1715,639,4,12566,2333,0
KR202-901,1406,3516,551,1837,2307,1030,843,557,2130,581,671,3005,1407,1,7116,806,0
KR202-902,3024,584,2846,1993,1466,945,3492,1980,2017,3909,560,2463,1170,3,4345,1871,0
KR202-903,1741,2505,1594,1999,2439,1784,1793,3406,2732,649,1511,1888,1676,2,14925,1592,0
KR202-904,2886,1279,1325,2895,3878,1138,1770,1101,2417,566,1785,3345,560,5,12085,1921,0
KR202-905,902,3527,3082,1411,1318,1992,3852,2776,2261,2858,2518,712,706,3,10089,1675,0
KR202-906,1145,1000,935,3227,2970,1919,3437,2724,3011,3784,2300,2916,1630,3,14403,2628,0
KR202-907,1919,1981,846,1374,2062,3029,2708,2327,699,2405,3771,757,1887,4,3068,636,0
KR202-908,3615,1846,3434,1958,3472,2149,2788,902,3003,2400,3009,2469,1715,2,9956,1164,0
KR202-909,1794,2596,1306,823,2571,767,2654,3659,2640,3241,2130,3735,1255,1,2633,616,0
KR202-910,1703,3233,2695,1916,3378,1604,3080,3061,1625,3357,3080,3504,1792,2,9047,875,0
KR202-911,2560,3819,3784,746,2496,3821,3484,1802,3259,1497,634,567,1007,2,2570,2363,0
KR202-912,2715,2077,1643,683,3394,2802,917,1274,3373,671,2410,3781,1061,1,12036,704,0
KR202-913,586,886,2713,2828,1215,565,3742,1202,931,1906,2083,603,884,1,9083,779,0
KR202-914,1277,1574,2352,2779,1612,1061,3682,1766,775,878,3796,1756,1241,1,2914,501,0
KR202-915,2612,2812,1500,3879,3878,2676,905,2182,1058,1078,2353,2881,1434,1,14990,2166,0
KR202-916,1263,3532,927,2118,3601,2512,3972,3137,1325,3989,1395,599,747,1,8881,1636,0
KR202-917,1814,1908,2306,3018,1485,1340,2559,781,1931,1169,722,1419,665,5,12596,1073,0
KR202-918,3923,1619,1488,1276,3156,2412,3594,2956,802,1553,3873,2007,1358,2,10285,1170,0
KR202-919,3506,946,3366,1986,3889,2703,3176,570,3666,1001,1138,1649,1093,3,8720,2419,0
KR202-920,2781,3481,3374,1848,1132,3683,3349,3142,898,3277,2076,3416,1930,2,6552,2582,0
KR202-921,2767,2516,3433,1860,3111,738,601,2427,1070,1516,3232,3712,974,2,2544,978,0
KR202-922,4000,3501,1455,799,764,3162,1945,3864,3271,3669,2736,1466,1370,3,8190,2098,0
KR202-923,3352,3169,3440,3089,2068,863,1138,2607,844,2305,2550,2284,1683,1,10609,2050,0
KR202-924,1455,1643,3356,1552,2169,3810,557,2695,3992,3723,2375,692,512,5,1117,616,0
KR202-925,1507,2961,3069,2897,1655,830,3077,2436,1138,3531,3372,3812,1880,1,5473,650,0
KR202-926,1881,3821,3996,2672,2649,3995,572,1682,1309,2066,2263,1987,1503,5,7466,2365,0
KR202-927,3623,3241,2281,1291,3808,1442,3433,1553,992,3083,3109,2043,1231,5,6911,1147,0
KR202-928,1498,819,2850,2686,3252,3741,3881,1552,2014,2817,2894,3819,1760,3,8341,2910,0
KR202-929,2047,1561,2565,608,3604,573,2691,3862,822,1326,1205,2054,1516,3,14400,1408,0
KR202-930,1704,3483,2578,3653,585,2308,1770,2220,746,2317,2941,1471,1378,1,3387,1288,0
KR202-931,1653,3690,1146,3666,3762,577,2431,3740,1309,3060,1935,2480,714,2,3748,1137,0
KR202-932,959,2925,1187,2855,2382,3694,2341,2292,1888,3618,2836,965,515,5,7064,1164,0
KR202-933,2824,1968,3260,1396,3639,3782,3164,2868,3173,1803,3047,2781,1074,1,7848,2823,0
KR202-934,1173,1539,1193,1299,1153,571,579,1309,1720,1547,1955,1708,1244,2,1645,1203,0
KR202-935,3175,1231,1265,727,2228,1971,1667,3550,689,2289,1134,2306,596,4,3594,1145,0
KR202-936,3172,3116,3578,3161,2842,2647,2921,2159,1530,1352,2170,730,1670,2,11377,1476,0
KR202-937,3012,3299,2008,3962,2411,3394,907,3411,1378,2715,2070,3055,1212,4,12896,2107,0
KR202-938,2786,2576,3745,3165,2990,1790,1250,1586,597,1502,2937,1239,904,5,8965,1663,0
KR202-939,3639,1104,1691,2927,2282,576,3176,1522,2787,3518,3792,2226,933,3,6324,2002,0
KR202-940,3506,2560,2427,760,3105,1925,3992,1782,3467,2109,1062,2192,845,2,5922,2316,0
KR202-941,2442,1025,1827,2631,2832,3125,1573,521,3752,972,3830,3596,555,2,6753,1357,0
KR202-942,3116,1329,3234,799,2354,928,3871,2727,817,2230,3048,3593,1637,4,6599,2049,0
KR202-943,2960,2354,3173,2304,1384,3815,2893,2547,1554,1327,1059,1477,1030,4,1802,1155,0
KR202-944,1146,2982,598,2686,2140,2005,917,1651,2848,3815,2530,2219,1087,5,6921,1170,0
KR202-945,3909,2881,2891,3707,3389,3522,2610,1012,2346,3994,2591,767,1807,4,8500,2546,0
KR202-946,2543,1553,1698,800,2783,3838,2264,3318,3873,3808,1673,889,1258,5,14253,1912,0
KR202-947,1102,3290,564,2088,1777,3971,1785,3708,2524,2083,627,3415,533,2,6770,2454,0
KR202-948,1795,2785,2505,1745,1914,1569,2499,1264,2081,1088,1248,3530,1434,2,8974,1392,0
KR202-949,3051,3912,2840,1142,722,2067,2197,910,2926,3561,1437,580,762,3,8145,1999,0
KR202-950,1636,3052,3745,2824,3664,573,518,1910,620,3767,2721,1689,1963,1,8452,1357,0
KR202-951,3283,549,3005,1608,3654,2810,1983,2008,544,3355,1892,1120,1066,5,2017,1092,0
KR202-952,1481,2904,1742,626,3422,1368,1225,1946,3806,3260,1803,3780,990,1,5582,2359,0
KR202-953,1718,2017,3044,2061,3520,2807,3059,3986,1200,1577,2185,2911,1185,3,11859,1260,0
KR202-954,1661,3174,2708,2449,1260,1939,1856,3003,3001,3847,2642,546,1199,3,7449,2183,0
KR202-955,1769,3776,3741,589,2285,2660,1326,2468,1457,2469,3471,3886,1397,3,6204,2142,0
KR202-956,2570,565,3594,1266,3735,530,3382,3176,2566,1209,2443,3074,1147,3,11809,796,0
KR202-957,3322,517,2725,503,3340,3674,2686,960,2096,716,652,2398,1628,1,6509,1033,0
KR202-958,2398,3619,3094,2064,2167,1195,3250,3996,998,2405,2313,1195,786,2,2185,751,0
KR202-959,2115,3703,2453,1746,3065,1298,3140,1848,707,1507,1840,637,1627,3,6951,1096,0
KR202-960,687,2574,3833,3255,1829,1981,3224,2594,809,2465,2042,669,1908,3,3343,1082,0
KR202-961,3713,2213,974,2043,3414,3651,3752,633,3010,1362,1037,1334,848,4,2441,1109,0
KR202-962,3667,3874,2073,2567,1873,1579,1957,1800,886,3456,3839,3027,1525,1,6054,877,0
KR202-963,3310,3556,3715,2620,3154,2235,520,1554,3343,1380,1413,1995,1890,2,5577,1785,0
KR202-964,2952,1054,844,2326,698,2386,3685,566,2310,3682,2219,2887,1841,1,12569,1028,0
KR202-965,2029,2175,1863,1475,2712,3232,2983,2852,2491,1136,3167,2558,1898,2,10961,1225,0
KR202-966,1473,2709,1294,2336,3989,1087,1724,1685,944,3794,1893,2984,670,2,9549,1769,0
KR202-967,2001,3228,2853,2858,1316,3928,1451,1561,1907,2770,1802,2126,585,4,5112,603,0
KR202-968,3645,1837,3685,2253,584,2780,2484,3809,3628,3878,1489,3968,889,5,3919,2466,0
KR202-969,554,842,3452,3263,3391,1735,1876,894,3042,687,669,2116,1822,2,10024,1065,0
KR202-970,3162,2210,3539,1221,2516,760,3738,3681,3111,975,1930,3573,1020,3,2351,2747,0
KR202-971,1893,1260,3519,1248,773,1831,2158,3509,3630,2847,2558,2683,803,3,6177,721,0
KR202-972,3340,2429,2997,3332,2886,3997,2971,3789,1785,3902,1825,3836,1674,3,3180,640,0
KR202-973,807,2003,1989,1356,1920,3580,1709,3345,2622,2440,3208,2856,1631,5,11204,1475,0
KR202-974,2776,3399,3020,1793,2071,3655,3300,2667,2045,2686,1293,1229,1331,4,1637,855,0
KR202-975,1507,3696,575,2450,2052,1791,3510,2703,1839,2464,2764,689,857,1,12879,1873,0
KR202-976,1799,2346,743,1738,2830,3409,2766,3963,873,3476,3883,2051,1267,2,8409,1103,0
KR202-977,2831,722,818,3401,2755,3419,3271,1459,2504,943,2809,2793,1841,1,13367,1663,0
KR202-978,647,2197,2940,1954,1499,1770,1381,3357,1239,2821,783,2332,1478,5,7191,599,0
KR202-979,561,2574,1076,3177,2864,2679,1981,2164,2031,1449,2685,1632,1100,1,3576,1212,0
KR202-980,608,2694,666,1310,811,3808,779,1187,1883,1567,3031,1869,1256,5,10099,1653,0
KR202-981,883,3705,793,3932,2503,634,3967,943,2011,2592,2563,1765,1645,5,6018,879,0
KR202-982,974,991,1871,545,2213,689,1091,3138,848,583,1788,2020,1970,4,5926,469,0
KR202-983,1118,3848,3086,611,623,2210,3511,1403,2135,2593,3287,3148,1813,2,2534,2509,0
KR202-984,1825,1334,1316,575,986,3939,3229,2564,1511,3047,568,695,1158,2,14952,1250,0
KR202-985,3430,3609,1789,3348,637,2317,2368,2027,2507,3177,2192,2414,1971,1,3901,687,0
KR202-986,1742,1125,2474,2557,1144,577,3641,3320,2063,3170,1212,3870,1332,2,12761,2042,0
KR202-987,2297,1979,3122,817,3761,1598,2678,1888,2686,1220,3911,3767,1382,5,11637,2219,0
KR202-988,959,542,3767,1926,1870,974,1483,1398,1075,3135,2379,1424,1520,2,5596,1699,0
KR202-989,1602,2400,740,3375,2677,2589,3037,2674,2852,3429,1080,3109,940,3,8202,2069,0
KR202-990,929,559,769,1114,2549,1669,573,2436,1349,3345,2591,1416,1486,5,8680,431,0
KR202-991,3844,3511,2932,679,746,2222,1933,646,3417,1702,2559,1689,1597,4,5485,1205,0
KR202-992,931,1969,1474,3635,3792,3467,528,1003,2504,2128,1879,1515,1095,5,13672,1661,0
KR202-993,1446,3650,2137,3760,2919,2262,3860,749,2586,2767,944,3461,1213,5,7399,1697,0
KR202-994,1685,3274,3196,3436,3837,3209,1020,2430,1342,3402,612,3310,1895,4,6991,811,0
KR202-995,2681,2378,1139,1527,2741,3383,3004,730,1341,2720,3698,3192,1060,1,12390,1160,0
KR202-996,1190,2702,691,867,3312,807,2788,1560,3727,3262,3958,2861,952,5,5223,1071,0
KR202-997,1173,2893,2582,938,1933,2667,1088,3216,1129,2865,3978,2945,1258,4,6267,477,0
KR202-998,3495,3909,828,2448,1936,575,3001,634,656,2506,3784,3584,689,1,3173,1472,0
KR202-999,1330,3145,3470,2334,1109,3877,1881,1950,2174,2937,2900,2090,1329,1,4618,825,0
KR202-1000,1487,1783,3695,2332,2250,585,1481,3167,3982,2872,1863,3698,832,2,5748,1798,0
KR202-1001,1387,3711,1873,1808,1742,2346,1173,1361,2615,3643,1400,3543,1074,4,4557,1038,0
KR202-1002,2673,3082,2377,3484,1860,2643,2626,2724,3993,3905,1305,1219,1319,3,2032,2584,0
KR202-1003,676,3289,1132,1414,1349,965,3256,545,2683,3521,1829,2614,1049,2,6227,2131,0
KR202-1004,1430,1592,1536,1595,1149,3431,1096,3590,3350,2618,1576,1412,1833,4,8505,2173,0
KR202-1005,2694,1419,1409,623,2923,2500,2607,1935,2958,2382,1277,2354,1620,3,13910,1054,0
KR202-1006,953,1939,1867,2685,1979,621,2724,2669,1114,3052,1453,2290,747,3,3852,765,0
KR202-1007,3512,1017,2697,3178,3577,2713,1323,603,3155,2577,530,1286,1700,5,8167,2133,0
KR202-1008,1392,2259,2598,2145,2475,1553,3669,3495,2964,746,2663,1751,1897,2,9835,1613,0
KR202-1009,3636,1349,3755,3703,1193,2686,3146,1418,1055,2689,785,644,782,5,1937,441,0
KR202-1010,3556,2502,3143,3151,2195,2308,675,2272,3511,1906,3215,2461,748,4,2878,1680,0
KR202-1011,3183,771,2940,3292,826,895,1129,3126,2781,656,2450,1347,1280,2,10487,1392,0
KR202-1012,1512,2573,2811,3273,901,976,3415,3786,776,872,3965,2730,1728,3,6846,2223,0
KR202-1013,2888,2672,1803,3535,2179,559,3869,1649,1875,3397,580,2865,696,5,3899,896,0
KR202-1014,2997,627,1369,1739,3727,3350,3742,2020,3593,696,1912,608,622,2,14646,1187,0
KR202-1015,1684,527,3709,1130,2817,2802,1989,638,1694,3249,1007,1340,1947,4,10328,1572,0
KR202-1016,500,3759,3672,3877,2171,3340,893,3671,815,3254,3279,3977,1715,4,10845,1381,0
KR202-1017,1995,2660,2239,2854,3495,3193,2222,3303,3539,2121,1579,946,1701,5,5860,759,0
KR202-1018,628,3236,2307,683,3362,1286,1493,1978,1750,3787,1492,1224,1159,1,1884,1724,0
KR202-1019,867,3813,3878,1424,1375,1815,2133,2099,2680,2377,1009,1383,1503,3,5136,2012,0
KR202-1020,1113,3391,951,3990,3719,3571,2772,1985,1269,1175,3951,2204,1973,4,9953,702,0
KR202-1021,3683,740,2082,1446,3197,3210,3442,1100,2840,1497,3504,2399,648,2,6529,1395,0
KR202-1022,1706,3014,1151,882,2201,3407,2744,1790,3327,1957,3094,2874,714,5,2422,2357,0
KR202-1023,1307,1382,3857,1736,875,2655,1758,834,544,3134,2645,2369,1980,3,2874,673,0
KR202-1024,1059,2775,661,1693,1110,2217,2134,2413,746,1537,2354,703,720,2,10861,782,0
KR202-1025,1342,3687,2793,2267,2052,1280,982,922,2655,2578,500,2495,1317,5,2798,1653,0
KR202-1026,1953,1885,1857,3047,1551,1319,3094,1002,2676,2934,3847,746,1839,1,13555,1212,0
KR202-1027,2119,1222,2248,1659,3647,2939,798,2354,670,1571,2980,3317,1118,1,10189,2214,0
KR202-1028,2807,550,3727,2192,2627,2734,3282,949,1158,1631,526,2638,740,2,14898,1422,0
KR202-1029,3871,2753,3745,882,3649,3130,2214,2499,1067,1824,1187,3712,1890,2,5623,2706,0
KR202-1030,2815,2301,3215,3647,3634,1385,1802,3324,992,3709,750,3731,1504,4,10966,1605,0
KR202-1031,2950,2022,1207,1175,3830,850,1937,3166,3033,1385,2966,2803,1027,5,3070,696,0
KR202-1032,907,530,1434,1816,2969,519,1996,968,3240,899,804,924,1507,4,12186,351,0
KR202-1033,615,2724,2112,1961,1537,3524,2780,3774,1414,2470,2382,1162,1224,5,3974,899,0
KR202-1034,803,3254,3483,3516,3707,1656,3720,3743,1614,3273,1859,1495,1125,2,14984,2111,0
KR202-1035,1102,1031,1487,2498,1207,2241,1935,3066,897,2011,2296,774,1818,5,8125,533,0
KR202-1036,1893,1400,2061,778,1339,2797,1400,517,1575,3502,2383,2085,1267,5,14185,518,0
KR202-1037,2709,3971,2572,1258,606,3356,1563,2084,2563,1670,3125,1243,770,3,1292,1192,0
KR202-1038,3803,2942,3657,3835,973,1791,3710,1469,3935,537,1421,1583,1016,1,14898,2359,0
KR202-1039,3238,1958,1494,3317,2019,2874,2846,3709,1126,665,3368,3963,1940,4,13141,1236,0
KR202-1040,3501,2975,3572,571,1914,2526,1559,1507,542,1601,1301,3589,1781,5,5143,831,0
KR202-1041,2977,3438,738,2610,3477,925,3395,1407,1927,1764,2033,2596,1278,5,9290,1026,0
KR202-1042,3700,3539,1835,1912,3556,2828,3289,3070,3783,1365,1647,1664,1709,2,1958,1718,0
KR202-1043,596,1209,1947,3077,2363,1005,972,1830,3532,1118,1832,3354,1448,1,12966,1673,0
KR202-1044,688,1242,1381,1219,2904,1400,3271,693,1595,810,3209,1839,1152,4,2478,472,0
KR202-1045,2545,2760,1236,2075,3666,3388,1002,1056,2952,3386,1473,1918,645,4,3313,654,0
KR202-1046,1758,3753,3879,2785,976,3185,766,3543,1118,2329,3936,2077,915,5,12059,2056,0
KR202-1047,2544,1566,2109,1088,3648,1093,1814,675,3863,693,1828,1618,1367,3,6730,1698,0
KR202-1048,2326,3743,1786,1607,2874,874,1769,2144,631,930,3093,1874,822,2,7785,849,0
KR202-1049,1713,3477,939,3071,1683,2347,1630,3833,1444,517,2095,2540,1277,5,6822,586,0
KR202-1050,1423,2987,3035,1390,605,524,2538,1167,608,3633,3036,2546,1585,3,13620,969,0
KR202-1051,2887,873,2715,3400,2682,3706,3967,710,1902,662,892,2720,1542,1,9920,774,0
KR202-1052,1033,1183,1630,3765,2641,1261,748,2493,678,1062,733,3320,1130,5,2897,1320,0
KR202-1053,860,1779,1916,2436,3986,2036,2655,1273,2181,3210,1441,1844,1934,3,14666,1924,0
KR202-1054,3474,1112,950,1890,1209,3032,3580,3244,3151,682,2059,710,627,1,5679,1977,0
KR202-1055,1986,3530,3772,2969,2750,2146,3349,875,2508,1510,2122,3767,1001,4,12248,2844,0
KR202-1056,2937,3587,2463,2844,2199,3186,1039,2507,635,3862,2275,1321,550,1,8422,780,0
KR202-1057,648,3439,2663,1114,1507,538,3319,3288,3967,3797,3272,1727,740,2,5467,1987,0
KR202-1058,869,1446,3230,2461,1369,3155,2234,1395,2357,3132,3558,3982,1152,1,14629,1294,0
KR202-1059,1710,2110,1214,1330,3281,1681,3269,3111,3279,2051,540,1796,515,4,8864,2078,0
KR202-1060,2702,602,3953,3837,3642,2525,2927,2028,1503,711,2104,2236,1466,3,13516,630,0
KR202-1061,2241,3636,2786,2537,3215,2915,3444,3455,2235,1477,3005,595,1851,3,11020,1670,0
KR202-1062,1223,1423,634,2041,1006,1971,1451,2056,1087,983,778,753,1594,4,2357,1293,0
KR202-1063,3529,3293,2695,2818,1286,2232,681,3514,1646,961,2677,2314,1970,1,6036,1591,0
KR202-1064,732,592,2385,2742,2990,2128,1301,3111,1814,3077,1412,1086,1903,1,13553,2010,0
KR202-1065,3336,2014,3935,1845,3143,3024,1003,3850,2779,1742,3640,1656,1516,5,5272,2284,0
KR202-1066,3068,1262,1294,2128,1948,2563,3681,2417,3930,3663,938,2400,1380,2,1807,1589,0
KR202-1067,2080,3896,2598,1905,2733,1648,3098,1792,1226,3846,1306,1567,645,4,13728,1002,0
KR202-1068,3317,2824,2349,3291,1279,588,2750,851,2588,3453,3957,2824,1558,5,11380,655,0
KR202-1069,3306,1236,2179,1026,861,1493,3488,2974,3675,3905,1881,744,1992,4,6225,1830,0
KR202-1070,3407,1507,1356,3038,2089,967,1328,2082,1854,1162,3510,3360,1072,2,10364,2008,0
KR202-1071,3925,3085,1030,1495,3949,2982,3661,625,2615,2506,3172,590,1138,1,9429,729,0
KR202-1072,1857,1642,1876,1450,3946,2575,1945,957,2844,806,2531,738,1828,1,10314,403,0
KR202-1073,1931,3675,2363,2510,2066,2263,2609,607,3962,675,2485,1131,1457,3,14025,666,0
KR202-1074,1262,1610,3996,3535,1453,2389,879,1841,2929,3874,3549,675,1146,5,14797,2249,0
KR202-1075,1380,803,664,3835,1757,3017,3693,2388,2629,3535,3695,790,611,1,10259,1256,0
KR202-1076,1618,3783,3217,1816,831,2783,996,1519,1089,3925,897,2353,699,5,12747,632,0
KR202-1077,2743,2383,3470,3291,779,3494,1009,1846,2021,517,1857,2787,778,2,5510,2219,0
KR202-1078,2119,1638,3186,3236,2548,3323,2834,2333,1540,3331,1479,2613,964,3,11796,1927,0
KR202-1079,3241,3586,1387,2494,2225,1904,3537,1062,1577,3813,1828,1959,914,1,8120,2190,0
KR202-1080,886,686,2575,1281,1383,3273,2430,1222,1577,2928,3026,2099,1463,2,5093,1557,0
KR202-1081,2211,2547,3506,1989,3272,3516,1347,2553,3683,3741,2204,3138,1687,5,12351,964,0
KR202-1082,3853,1495,1383,2825,1683,3083,861,2586,2580,2974,1027,3174,1214,1,4380,1020,0
KR202-1083,3536,544,2808,2984,1395,2723,957,3979,2553,1196,2083,2366,1627,4,6343,2221,0
KR202-1084,3683,1281,1986,690,1088,1612,698,2536,2672,884,3153,2239,1137,5,14035,2044,0
KR202-1085,3315,744,3045,3375,3369,2938,850,2376,2646,3550,2458,2333,910,5,3838,572,0
KR202-1086,1843,2547,1706,716,2640,1655,3028,899,2569,2107,1494,3823,500,5,3466,1587,0
KR202-1087,2226,2425,3393,2306,2427,2206,2775,743,3641,2667,1776,3569,936,1,1373,1814,0
KR202-1088,783,2910,605,616,2935,2670,1675,1428,3433,2786,3826,2576,637,2,9068,2404,0
KR202-1089,2907,3683,1825,870,654,3658,1693,3151,2135,932,2879,3420,1603,2,2796,2528,0
KR202-1090,1223,3228,1540,2401,3764,2996,2314,972,532,3248,1979,1093,1195,1,5174,1135,0
KR202-1091,2836,1904,3814,1598,2761,3944,2342,1190,532,2735,560,1530,1521,1,11447,993,0
KR202-1092,1210,3048,3277,758,3497,1278,2424,1328,3393,2917,1618,2593,657,1,3899,1446,0
KR202-1093,2867,1673,1990,3107,2151,3254,978,3303,3070,1326,2807,1732,1688,4,5259,574,0
KR202-1094,3332,3364,940,2960,2174,2224,3596,2230,2478,502,1297,2849,1691,1,13910,2294,0
KR202-1095,3758,2422,2540,944,1597,1329,1163,3364,1468,1035,2288,2665,971,4,9364,1548,0
KR202-1096,3592,3083,1943,3838,1814,2209,806,584,3397,2864,1362,2795,1515,1,2126,1637,0
KR202-1097,1216,1321,3102,2545,2151,3602,3713,2824,3303,3364,2148,1221,518,1,12769,650,0
KR202-1098,1418,1339,1679,1468,3202,1430,2161,2556,3593,747,2841,2662,1328,5,9012,1887,0
KR202-1099,3274,3908,3675,3342,2564,2497,580,1575,2680,3219,2307,1938,1553,3,2813,651,0
KR202-1100,3238,2957,1111,3413,798,1205,1070,2333,1621,788,2847,2517,848,4,1328,1472,0
KR202-1101,581,1678,2370,1016,1041,1281,3938,2856,1541,3774,3273,3022,1605,5,7485,893,0
KR202-1102,2604,1207,2754,703,1323,1581,1644,3233,3397,2230,3227,3474,787,5,14547,939,0
KR202-1103,2745,3858,2890,2523,1457,1880,2018,1433,3800,3640,1868,3323,1213,4,8174,2785,0
KR202-1104,2766,1892,3038,2110,2100,3824,2751,870,2979,1571,3702,2006,1490,5,14115,2579,0
KR202-1105,965,537,2882,3243,2338,2672,515,3484,1704,2687,2158,3813,1913,2,3389,2293,0
KR202-1106,3527,2283,3687,1824,2626,1312,2709,639,3018,967,1683,1048,1752,3,11943,2026,0
KR202-1107,1657,1421,2361,2710,2447,2400,2389,672,561,2131,2441,1172,1098,1,10799,932,0
KR202-1108,2034,2174,3616,3798,3127,2309,2580,3599,1488,565,1738,3345,662,5,2195,2660,0
KR202-1109,2591,3418,933,2096,1089,651,2947,3101,3466,3886,2553,3126,1222,4,8040,1988,0
KR202-1110,1170,1289,618,803,2858,2497,1128,3695,3794,606,1670,2604,1707,1,14691,622,0
KR202-1111,1693,526,3335,1801,3544,711,2985,2565,3448,3921,1362,1865,1040,3,10018,2193,0
KR202-1112,749,3021,3590,2471,1184,2684,1342,1190,2997,2436,653,699,511,2,948,650,0
KR202-1113,3525,3266,516,3351,3129,2485,1705,1229,3882,2649,1302,1701,1304,3,10468,1862,0
KR202-1114,3571,3428,3100,1823,1273,3622,2596,1107,2906,947,2967,598,1573,2,9733,2499,0
KR202-1115,552,3239,1454,2291,1219,3695,3770,660,3951,1385,2428,1344,707,3,2835,1532,0
KR202-1116,3906,1671,3219,2654,3759,2560,921,761,1585,664,1888,3491,714,3,8841,2056,0
KR202-1117,1565,2397,2400,2089,2569,562,1332,1671,2312,3671,2467,3008,1344,5,10846,632,0
KR202-1118,1283,3067,3932,857,1254,2270,3316,3774,3718,3240,2456,3585,1661,5,7035,676,0
KR202-1119,2715,1647,3804,2080,2287,3329,2166,2433,1098,3644,1268,3850,1169,3,14513,1046,0
KR202-1120,2920,759,1964,1268,3721,3069,2887,3232,1405,2805,1987,851,874,1,6205,1531,0
KR202-1121,2301,3955,3072,2585,1293,1209,1419,2785,2542,1533,2312,1954,921,1,3099,2354,0
KR202-1122,1074,872,748,1840,2303,2501,2057,3066,3676,3138,2688,3038,900,2,6222,494,0
KR202-1123,3792,2114,3486,916,2923,2551,2036,2847,1951,1695,1765,666,809,5,11707,1313,0
KR202-1124,1722,1701,1067,3264,816,3258,3876,1799,1134,3097,538,3700,1005,2,12001,1560,0
KR202-1125,1041,913,942,3935,2365,712,2119,3800,1206,3792,2149,2227,1238,4,12001,1504,0
KR202-1126,3651,2486,1555,703,3796,2908,524,3981,2169,3189,2382,2336,555,3,8757,2543,0
KR202-1127,3276,2593,3738,1667,1828,503,3165,1701,3204,3809,1925,1286,691,4,7346,950,0
KR202-1128,1231,3282,2655,3931,719,2139,3055,3666,2597,1831,862,2844,639,3,1585,2115,0
KR202-1129,1180,2984,1829,1249,3111,3435,2163,2013,1013,1804,3251,1704,970,3,8125,607,0
KR202-1130,3110,1778,3563,3596,634,1167,3078,2578,3889,3612,3596,3257,1376,1,13368,1722,0
KR202-1131,3962,2359,1424,2932,3960,1658,1202,2884,2927,2042,2889,1396,857,2,4910,1381,0
KR202-1132,1313,617,937,1941,1939,2468,2268,1736,3662,1287,3772,1281,1726,4,8685,2071,0
KR202-1133,1204,834,3804,2397,2926,3321,3172,3139,2660,1701,1979,1486,579,3,2373,2297,0
KR202-1134,2615,3277,1988,2388,3742,3844,2649,1395,1727,1052,3252,1211,1918,4,6214,2174,0
KR202-1135,1750,2609,2853,3955,3582,2031,2491,2612,3900,2203,1879,547,1669,5,6974,813,0
KR202-1136,1403,1082,1176,794,3478,2915,1892,1802,1356,3443,1292,879,1473,5,13928,1428,0
KR202-1137,3974,2082,3208,3155,3408,2039,1293,2488,618,2796,2288,3226,993,1,7548,1324,0
KR202-1138,3405,1781,1238,3217,2384,1508,1861,3426,1522,2637,3277,3094,1332,5,11431,548,0
KR202-1139,1018,3470,1011,3607,2177,3950,874,3741,3728,1999,3664,1085,1221,3,11435,2306,0
KR202-1140,634,1314,3577,3070,3482,3172,2169,2323,2526,1355,963,1160,1890,5,7054,1178,0
KR202-1141,3744,3062,2948,1163,1866,2507,3709,3348,1826,3761,2108,906,823,1,9721,2709,0
KR202-1142,1116,2500,3364,3719,2122,1059,1957,1524,3899,2415,898,1007,779,4,1076,669,0
KR202-1143,2680,768,1276,1531,2922,1953,3853,2037,1244,1011,1966,611,1540,5,2533,1485,0
KR202-1144,1712,526,3880,531,3170,3452,2269,2682,1143,520,3176,2850,509,1,9751,1355,0
KR202-1145,2216,2592,2606,3912,3369,3164,1068,1395,2954,876,3401,930,1332,1,2914,2077,0
KR202-1146,3313,3315,1852,3111,1782,2789,1109,3124,2249,2445,1188,1616,583,1,7351,767,0
KR202-1147,2310,3391,3334,3601,1499,1735,1058,2609,1786,2688,1050,3627,1445,4,9063,1424,0
KR202-1148,1886,1242,2141,1076,2522,2560,3080,822,3351,1908,2024,2311,975,5,2960,471,0
KR202-1149,3037,1075,3834,3086,3251,1528,2618,500,2441,3699,3404,858,589,1,14124,2265,0
KR202-1150,2487,712,2560,1294,2461,2816,2391,729,1039,1640,1180,3044,625,3,5621,1182,0
KR202-1151,3749,2816,1086,3171,2367,3066,824,3876,2824,3271,3025,3988,980,1,10838,789,0
KR202-1152,1570,3198,2928,2449,3002,1802,2280,1933,1325,1421,1580,2467,1023,2,7065,2182,0
KR202-1153,2025,1852,3440,3126,2465,3168,3258,2870,1124,708,1780,1929,1176,5,10705,2535,0
KR202-1154,2517,3773,3995,2038,1097,1310,1355,1034,834,3197,3213,3703,1358,1,5889,1347,0
KR202-1155,772,3602,3015,1855,3121,3758,2245,607,1256,2790,524,3249,952,5,13147,2065,0
KR202-1156,1474,3868,1044,2369,1695,1562,3098,1832,2106,1298,3590,571,616,4,6494,1369,0
KR202-1157,1562,3033,1867,1407,1915,783,965,3766,3057,3933,1105,3088,635,5,7357,2328,0
KR202-1158,881,2474,3422,725,3825,599,1626,3482,811,678,1332,1496,1408,4,5083,1209,0
KR202-1159,1606,1111,1623,591,2827,3775,2245,2434,1660,2689,747,1098,1029,4,9690,1430,0
KR202-1160,1738,2889,972,3960,2292,2580,1554,3133,2545,1040,1167,3851,1681,4,2663,815,0
KR202-1161,2893,1821,1067,3433,1257,526,3330,1422,990,3813,799,3205,966,4,1722,1277,0
KR202-1162,2908,2505,3899,3686,1458,1021,3316,2132,1839,2388,2094,993,733,2,10648,2557,0
KR202-1163,1050,2459,1790,629,3857,3135,1917,1138,1239,771,2644,2370,1767,1,11239,1289,0
KR202-1164,3087,3234,2896,915,1241,1002,2910,3699,2730,2219,2122,3766,1644,3,11336,977,0
KR202-1165,2107,3653,2706,1637,3286,505,2071,3408,634,1886,2583,1446,1588,5,9058,1028,0
KR202-1166,3784,2912,1267,1629,1509,1520,3633,1679,2031,514,2116,2642,583,3,4121,1970,0
KR202-1167,2931,1327,2413,956,2905,969,2699,3391,2737,901,1829,1325,594,3,7736,778,0
KR202-1168,741,2482,1425,1958,3315,4000,2890,3029,1936,683,727,2835,1740,3,4480,953,0
KR202-1169,2251,3799,1266,1812,2965,1860,2534,2750,1117,2666,1718,632,1212,1,8912,2067,0
KR202-1170,3896,2066,848,1759,2726,3666,1158,1836,2869,1465,1247,3909,1342,4,3176,2452,0
KR202-1171,2636,2272,2547,777,2283,1635,943,525,842,3896,817,1825,1739,5,8007,790,0
KR202-1172,1591,2620,2757,2593,750,3664,3054,3504,3400,3578,3207,1823,1568,4,1947,1172,0
KR202-1173,3305,3209,2936,2812,769,2276,1515,2912,948,2273,1526,3111,1197,5,1765,830,0
KR202-1174,3349,1180,600,2202,3268,2603,3426,1554,1729,504,1678,1779,1343,2,11161,1109,0
KR202-1175,3890,2847,2386,2014,3123,3429,3168,1718,1533,1682,1663,3586,1256,4,4607,1920,0
KR202-1176,3932,3736,513,2812,1653,3639,697,2537,2165,2297,2758,1730,575,3,5902,1684,0
KR202-1177,3698,918,1710,2164,3681,3480,3408,2967,1617,533,2616,3345,975,3,1386,771,0
KR202-1178,2769,2176,3496,623,3533,3110,2558,1852,635,2286,3631,3655,1503,5,2529,1567,0
KR202-1179,1350,3128,1590,2483,2815,984,1576,819,1332,1639,1783,1937,1731,1,10741,469,0
KR202-1180,1165,1166,2663,683,3524,3315,1723,2864,504,2609,1654,1317,1576,2,7931,594,0
KR202-1181,2363,3673,2052,2430,1710,3435,2330,3925,2976,571,1474,3941,1613,1,7959,655,0
KR202-1182,3483,3631,3762,2465,2811,2665,1512,2510,1037,2186,2946,3412,1315,3,6420,2725,0
KR202-1183,1854,2094,3689,2846,2274,2279,3513,2992,2715,3023,2642,2448,1313,5,12669,1096,0
KR202-1184,1149,1314,1452,2855,3756,1588,1864,2120,1115,3368,697,1356,1616,1,4900,1853,0
KR202-1185,2533,2780,3353,3040,518,1149,726,2496,2883,775,2455,1042,1732,3,12755,1886,0
KR202-1186,3681,1733,2097,849,2215,1180,2022,3004,1242,1491,2104,1439,1032,1,3692,1496,0
KR202-1187,3220,1389,3763,3884,3306,1361,1053,1168,623,1502,715,2189,813,3,12274,2121,0
KR202-1188,3012,2025,875,3468,650,1142,1618,1737,2890,1769,979,1015,1533,4,5973,930,0
KR202-1189,3887,2976,902,2644,594,1268,2919,1654,3804,3688,1826,2694,611,2,14076,686,0
KR202-1190,3803,1263,3647,2825,1300,2149,3925,3219,1437,1545,1678,1237,1447,3,13254,2485,0
KR202-1191,1901,3167,946,3011,3884,3716,867,2603,2063,2803,1201,664,1376,5,13685,1145,0
KR202-1192,3155,2719,3852,3313,2431,3887,3612,725,938,1266,1347,2324,866,3,5602,1726,0
KR202-1193,1116,1600,2506,2668,1774,989,2774,3946,2190,1640,3318,1194,956,5,3994,2241,0
KR202-1194,1127,1397,1223,562,1641,3989,1305,674,3513,724,1265,3755,1974,5,13608,1358,0
KR202-1195,3889,1092,3749,3674,3743,3704,1171,3926,1806,3456,1265,3293,1899,4,4375,2595,0
KR202-1196,1559,580,3259,2962,3926,1602,1877,1182,1965,1061,1711,3466,1564,3,14406,1825,0
KR202-1197,717,556,2323,669,2927,1863,2586,3996,2408,2298,747,654,791,2,8251,1580,0
KR202-1198,2167,3005,1082,697,3818,1093,1747,1334,3750,2601,2727,918,1144,4,14876,976,0
KR202-1199,3179,2555,2295,1120,3846,1947,1332,2312,1613,1010,1436,3239,771,2,1558,1015,0
KR202-1200,1509,3895,556,1883,3188,1905,2746,3010,1639,1776,572,2262,614,1,14826,736,0
KR202-1201,3725,1241,3344,969,1521,2267,1388,3077,843,2930,2192,1964,689,1,2024,805,0
KR202-1202,525,2686,3008,1559,1446,3540,1441,2247,3870,3710,2092,2744,1420,3,9028,2589,0
KR202-1203,3911,688,2805,2173,2156,745,1684,3081,2985,3267,1887,2448,1539,1,14578,2393,0
KR202-1204,2316,3848,1893,3935,1802,1643,3096,3147,1532,3449,3040,2544,862,1,5024,1830,0
KR202-1205,525,2797,1914,2679,2040,2575,2011,3962,1174,3122,1370,1309,1096,5,7024,1223,0
KR202-1206,2844,3556,931,2027,2035,869,3624,2800,2043,921,3064,2425,862,2,4168,1154,0
KR202-1207,2714,3781,2911,2823,3289,708,2978,2159,2398,1726,2923,666,520,5,14066,807,0
KR202-1208,720,3247,766,3573,2381,2191,2761,3757,3781,2915,1165,853,1971,4,14310,20170 ,